-- MySQL dump 10.13  Distrib 9.5.0, for macos26.1 (arm64)
--
-- Host: localhost    Database: college_erp
-- ------------------------------------------------------
-- Server version	9.5.0

/*!40101 SET @OLD_CHARACTER_SET_CLIENT=@@CHARACTER_SET_CLIENT */;
/*!40101 SET @OLD_CHARACTER_SET_RESULTS=@@CHARACTER_SET_RESULTS */;
/*!40101 SET @OLD_COLLATION_CONNECTION=@@COLLATION_CONNECTION */;
/*!50503 SET NAMES utf8mb4 */;
/*!40103 SET @OLD_TIME_ZONE=@@TIME_ZONE */;
/*!40103 SET TIME_ZONE='+00:00' */;
/*!40014 SET @OLD_UNIQUE_CHECKS=@@UNIQUE_CHECKS, UNIQUE_CHECKS=0 */;
/*!40014 SET @OLD_FOREIGN_KEY_CHECKS=@@FOREIGN_KEY_CHECKS, FOREIGN_KEY_CHECKS=0 */;
/*!40101 SET @OLD_SQL_MODE=@@SQL_MODE, SQL_MODE='NO_AUTO_VALUE_ON_ZERO' */;
/*!40111 SET @OLD_SQL_NOTES=@@SQL_NOTES, SQL_NOTES=0 */;
SET @MYSQLDUMP_TEMP_LOG_BIN = @@SESSION.SQL_LOG_BIN;
SET @@SESSION.SQL_LOG_BIN= 0;

--
-- GTID state at the beginning of the backup 
--

SET @@GLOBAL.GTID_PURGED=/*!80000 '+'*/ '2dfe233a-e305-11f0-9ea0-7c647e4d0842:1-3320';

--
-- Table structure for table `admins`
--

DROP TABLE IF EXISTS `admins`;
/*!40101 SET @saved_cs_client     = @@character_set_client */;
/*!50503 SET character_set_client = utf8mb4 */;
CREATE TABLE `admins` (
  `admin_id` int NOT NULL AUTO_INCREMENT,
  `name` varchar(100) NOT NULL,
  `email` varchar(100) NOT NULL,
  `password` varchar(255) NOT NULL,
  `created_at` timestamp NULL DEFAULT CURRENT_TIMESTAMP,
  PRIMARY KEY (`admin_id`),
  UNIQUE KEY `email` (`email`)
) ENGINE=InnoDB AUTO_INCREMENT=2 DEFAULT CHARSET=utf8mb4 COLLATE=utf8mb4_0900_ai_ci;
/*!40101 SET character_set_client = @saved_cs_client */;

--
-- Dumping data for table `admins`
--

LOCK TABLES `admins` WRITE;
/*!40000 ALTER TABLE `admins` DISABLE KEYS */;
INSERT INTO `admins` VALUES (1,'Super Admin','admin@college.com','$2b$10$92IXUNpkjO0rOQ5byMi.Ye4oKoEa3Ro9llC/.og/at2.uheWG/igi','2026-03-17 15:39:48');
/*!40000 ALTER TABLE `admins` ENABLE KEYS */;
UNLOCK TABLES;

--
-- Table structure for table `attendance`
--

DROP TABLE IF EXISTS `attendance`;
/*!40101 SET @saved_cs_client     = @@character_set_client */;
/*!50503 SET character_set_client = utf8mb4 */;
CREATE TABLE `attendance` (
  `attendance_id` int NOT NULL AUTO_INCREMENT,
  `student_id` int NOT NULL,
  `subject_id` int NOT NULL,
  `date` date NOT NULL,
  `status` enum('PRESENT','ABSENT','LEAVE') DEFAULT 'ABSENT',
  PRIMARY KEY (`attendance_id`),
  UNIQUE KEY `unique_attendance` (`student_id`,`subject_id`,`date`),
  KEY `subject_id` (`subject_id`),
  CONSTRAINT `attendance_ibfk_1` FOREIGN KEY (`student_id`) REFERENCES `students` (`student_id`),
  CONSTRAINT `attendance_ibfk_2` FOREIGN KEY (`subject_id`) REFERENCES `subjects` (`subject_id`)
) ENGINE=InnoDB AUTO_INCREMENT=22 DEFAULT CHARSET=utf8mb4 COLLATE=utf8mb4_0900_ai_ci;
/*!40101 SET character_set_client = @saved_cs_client */;

--
-- Dumping data for table `attendance`
--

LOCK TABLES `attendance` WRITE;
/*!40000 ALTER TABLE `attendance` DISABLE KEYS */;
INSERT INTO `attendance` VALUES (1,2,399,'2026-03-22','PRESENT'),(2,1,399,'2026-03-22','LEAVE'),(3,5,399,'2026-03-22','ABSENT'),(4,3,399,'2026-03-22','ABSENT'),(5,4,399,'2026-03-22','LEAVE'),(16,2,399,'2026-03-23','PRESENT'),(17,1,399,'2026-03-23','ABSENT'),(18,5,399,'2026-03-23','PRESENT'),(19,3,399,'2026-03-23','LEAVE'),(20,4,399,'2026-03-23','PRESENT');
/*!40000 ALTER TABLE `attendance` ENABLE KEYS */;
UNLOCK TABLES;

--
-- Table structure for table `disciplines`
--

DROP TABLE IF EXISTS `disciplines`;
/*!40101 SET @saved_cs_client     = @@character_set_client */;
/*!50503 SET character_set_client = utf8mb4 */;
CREATE TABLE `disciplines` (
  `discipline_id` int NOT NULL AUTO_INCREMENT,
  `discipline_name` varchar(100) NOT NULL,
  `faculty_id` int DEFAULT NULL,
  `description` varchar(255) DEFAULT NULL,
  `created_at` timestamp NULL DEFAULT CURRENT_TIMESTAMP,
  PRIMARY KEY (`discipline_id`),
  UNIQUE KEY `discipline_name` (`discipline_name`),
  KEY `faculty_id` (`faculty_id`),
  CONSTRAINT `disciplines_ibfk_1` FOREIGN KEY (`faculty_id`) REFERENCES `faculties` (`faculty_id`)
) ENGINE=InnoDB AUTO_INCREMENT=99 DEFAULT CHARSET=utf8mb4 COLLATE=utf8mb4_0900_ai_ci;
/*!40101 SET character_set_client = @saved_cs_client */;

--
-- Dumping data for table `disciplines`
--

LOCK TABLES `disciplines` WRITE;
/*!40000 ALTER TABLE `disciplines` DISABLE KEYS */;
INSERT INTO `disciplines` VALUES (1,'English',1,'English Language and Literature','2026-03-19 10:06:36'),(2,'Hindi',1,'Hindi Language and Literature','2026-03-19 10:06:36'),(3,'History',1,'History','2026-03-19 10:06:36'),(4,'Political Science',1,'Political Science','2026-03-19 10:06:36'),(5,'Defence Studies',1,'Defence Studies','2026-03-19 10:06:36'),(6,'Yoga',1,'Yoga and Physical Education','2026-03-19 10:06:36'),(7,'Sociology',1,'Sociology','2026-03-19 10:06:36'),(8,'Economics',1,'Economics','2026-03-19 10:06:36'),(9,'Geography',1,'Geography','2026-03-19 10:06:36'),(10,'Sanskrit',1,'Sanskrit','2026-03-19 10:06:36'),(11,'Music',1,'Music','2026-03-19 10:06:36'),(12,'Fine Arts',1,'Fine Arts','2026-03-19 10:06:36'),(13,'Computer Science',2,'Computer Science and Applications','2026-03-19 10:06:36'),(14,'Mathematics',2,'Mathematics','2026-03-19 10:06:36'),(15,'Physics',2,'Physics','2026-03-19 10:06:36'),(16,'Chemistry',2,'Chemistry','2026-03-19 10:06:36'),(17,'Botany',2,'Botany','2026-03-19 10:06:36'),(18,'Zoology',2,'Zoology','2026-03-19 10:06:36'),(19,'Statistics',2,'Statistics','2026-03-19 10:06:36'),(20,'Biotechnology',2,'Biotechnology','2026-03-19 10:06:36'),(21,'Electronics',2,'Electronics','2026-03-19 10:06:36'),(22,'Commerce',3,'Commerce','2026-03-19 10:06:36'),(23,'Accountancy',3,'Accountancy','2026-03-19 10:06:36'),(24,'Business Studies',3,'Business Studies','2026-03-19 10:06:36'),(25,'Economics (Com)',3,'Economics for Commerce','2026-03-19 10:06:36'),(26,'Foreign Language',1,'Foreign Language','2026-03-19 13:20:37'),(27,'Business Administration',NULL,NULL,'2026-03-19 13:49:53'),(28,'Commercial Art, Designing and Painting',NULL,NULL,'2026-03-19 13:49:53'),(29,'Computer Applications',NULL,NULL,'2026-03-19 13:49:53'),(30,'Environmental Science',NULL,NULL,'2026-03-19 13:49:53'),(31,'Fashion Designing',NULL,NULL,'2026-03-19 13:49:53'),(32,'Health and Physical Education',NULL,NULL,'2026-03-19 13:49:53'),(33,'Home Science',NULL,NULL,'2026-03-19 13:49:53'),(34,'Mass Communication',NULL,NULL,'2026-03-19 13:49:53'),(35,'Mass Communication and Video Production',NULL,NULL,'2026-03-19 13:49:53'),(36,'Music (Instrumental)',NULL,NULL,'2026-03-19 13:49:53'),(37,'Music (Vocal)',NULL,NULL,'2026-03-19 13:49:53'),(38,'Philosophy',NULL,NULL,'2026-03-19 13:49:53'),(39,'Public Administration',NULL,NULL,'2026-03-19 13:49:53'),(66,'Psychology',NULL,NULL,'2026-03-19 14:08:44'),(98,'General',NULL,NULL,'2026-03-19 14:13:05');
/*!40000 ALTER TABLE `disciplines` ENABLE KEYS */;
UNLOCK TABLES;

--
-- Table structure for table `faculties`
--

DROP TABLE IF EXISTS `faculties`;
/*!40101 SET @saved_cs_client     = @@character_set_client */;
/*!50503 SET character_set_client = utf8mb4 */;
CREATE TABLE `faculties` (
  `faculty_id` int NOT NULL AUTO_INCREMENT,
  `faculty_name` varchar(100) NOT NULL,
  `description` varchar(255) DEFAULT NULL,
  `created_at` timestamp NULL DEFAULT CURRENT_TIMESTAMP,
  PRIMARY KEY (`faculty_id`),
  UNIQUE KEY `faculty_name` (`faculty_name`)
) ENGINE=InnoDB AUTO_INCREMENT=4 DEFAULT CHARSET=utf8mb4 COLLATE=utf8mb4_0900_ai_ci;
/*!40101 SET character_set_client = @saved_cs_client */;

--
-- Dumping data for table `faculties`
--

LOCK TABLES `faculties` WRITE;
/*!40000 ALTER TABLE `faculties` DISABLE KEYS */;
INSERT INTO `faculties` VALUES (1,'Arts','Faculty of Arts','2026-03-19 07:07:09'),(2,'Science','Faculty of Science','2026-03-19 07:07:09'),(3,'Commerce','Faculty of Commerce','2026-03-19 07:07:09');
/*!40000 ALTER TABLE `faculties` ENABLE KEYS */;
UNLOCK TABLES;

--
-- Table structure for table `fees`
--

DROP TABLE IF EXISTS `fees`;
/*!40101 SET @saved_cs_client     = @@character_set_client */;
/*!50503 SET character_set_client = utf8mb4 */;
CREATE TABLE `fees` (
  `fee_id` int NOT NULL AUTO_INCREMENT,
  `student_id` int NOT NULL,
  `amount` decimal(10,2) NOT NULL,
  `fee_type` varchar(50) DEFAULT NULL,
  `due_date` date DEFAULT NULL,
  `paid_date` date DEFAULT NULL,
  `status` enum('PENDING','PAID','OVERDUE') DEFAULT 'PENDING',
  `transaction_ref` varchar(100) DEFAULT NULL,
  PRIMARY KEY (`fee_id`),
  KEY `student_id` (`student_id`),
  CONSTRAINT `fees_ibfk_1` FOREIGN KEY (`student_id`) REFERENCES `students` (`student_id`)
) ENGINE=InnoDB DEFAULT CHARSET=utf8mb4 COLLATE=utf8mb4_0900_ai_ci;
/*!40101 SET character_set_client = @saved_cs_client */;

--
-- Dumping data for table `fees`
--

LOCK TABLES `fees` WRITE;
/*!40000 ALTER TABLE `fees` DISABLE KEYS */;
/*!40000 ALTER TABLE `fees` ENABLE KEYS */;
UNLOCK TABLES;

--
-- Table structure for table `levels`
--

DROP TABLE IF EXISTS `levels`;
/*!40101 SET @saved_cs_client     = @@character_set_client */;
/*!50503 SET character_set_client = utf8mb4 */;
CREATE TABLE `levels` (
  `level_id` int NOT NULL AUTO_INCREMENT,
  `level_name` varchar(20) NOT NULL,
  `description` varchar(100) DEFAULT NULL,
  PRIMARY KEY (`level_id`),
  UNIQUE KEY `level_name` (`level_name`)
) ENGINE=InnoDB AUTO_INCREMENT=3 DEFAULT CHARSET=utf8mb4 COLLATE=utf8mb4_0900_ai_ci;
/*!40101 SET character_set_client = @saved_cs_client */;

--
-- Dumping data for table `levels`
--

LOCK TABLES `levels` WRITE;
/*!40000 ALTER TABLE `levels` DISABLE KEYS */;
INSERT INTO `levels` VALUES (1,'UG','Undergraduate'),(2,'PG','Postgraduate');
/*!40000 ALTER TABLE `levels` ENABLE KEYS */;
UNLOCK TABLES;

--
-- Table structure for table `marks`
--

DROP TABLE IF EXISTS `marks`;
/*!40101 SET @saved_cs_client     = @@character_set_client */;
/*!50503 SET character_set_client = utf8mb4 */;
CREATE TABLE `marks` (
  `mark_id` int NOT NULL AUTO_INCREMENT,
  `student_id` int NOT NULL,
  `subject_id` int NOT NULL,
  `exam_type` enum('INTERNAL','EXTERNAL','PRACTICAL') NOT NULL,
  `marks_obtained` decimal(5,2) DEFAULT NULL,
  `max_marks` decimal(5,2) DEFAULT NULL,
  `semester` int DEFAULT NULL,
  PRIMARY KEY (`mark_id`),
  KEY `student_id` (`student_id`),
  KEY `subject_id` (`subject_id`),
  CONSTRAINT `marks_ibfk_1` FOREIGN KEY (`student_id`) REFERENCES `students` (`student_id`),
  CONSTRAINT `marks_ibfk_2` FOREIGN KEY (`subject_id`) REFERENCES `subjects` (`subject_id`)
) ENGINE=InnoDB DEFAULT CHARSET=utf8mb4 COLLATE=utf8mb4_0900_ai_ci;
/*!40101 SET character_set_client = @saved_cs_client */;

--
-- Dumping data for table `marks`
--

LOCK TABLES `marks` WRITE;
/*!40000 ALTER TABLE `marks` DISABLE KEYS */;
/*!40000 ALTER TABLE `marks` ENABLE KEYS */;
UNLOCK TABLES;

--
-- Table structure for table `programme_subject_pool`
--

DROP TABLE IF EXISTS `programme_subject_pool`;
/*!40101 SET @saved_cs_client     = @@character_set_client */;
/*!50503 SET character_set_client = utf8mb4 */;
CREATE TABLE `programme_subject_pool` (
  `id` int NOT NULL AUTO_INCREMENT,
  `programme_id` int NOT NULL,
  `subject_id` int NOT NULL,
  PRIMARY KEY (`id`),
  UNIQUE KEY `uq_prog_sub` (`programme_id`,`subject_id`),
  KEY `subject_id` (`subject_id`),
  CONSTRAINT `programme_subject_pool_ibfk_1` FOREIGN KEY (`programme_id`) REFERENCES `programmes` (`programme_id`),
  CONSTRAINT `programme_subject_pool_ibfk_2` FOREIGN KEY (`subject_id`) REFERENCES `subjects` (`subject_id`)
) ENGINE=InnoDB AUTO_INCREMENT=343 DEFAULT CHARSET=utf8mb4 COLLATE=utf8mb4_0900_ai_ci;
/*!40101 SET character_set_client = @saved_cs_client */;

--
-- Dumping data for table `programme_subject_pool`
--

LOCK TABLES `programme_subject_pool` WRITE;
/*!40000 ALTER TABLE `programme_subject_pool` DISABLE KEYS */;
INSERT INTO `programme_subject_pool` VALUES (325,7,499),(326,7,500),(327,7,501),(328,7,1199),(329,7,1200),(330,7,1201),(331,7,1202),(332,7,1203),(333,7,1204),(334,7,1205),(335,7,1206),(336,7,1207),(337,7,1208),(338,7,1209),(339,7,1210),(340,7,1211),(341,7,1212),(342,7,1213),(127,8,753),(133,8,754),(139,8,755),(145,8,756),(151,8,757),(157,8,758),(163,8,759),(169,8,760),(175,8,761),(181,8,762),(187,8,763),(193,8,764),(199,8,765),(205,8,766),(211,8,767),(128,9,753),(134,9,754),(140,9,755),(146,9,756),(152,9,757),(158,9,758),(164,9,759),(170,9,760),(176,9,761),(182,9,762),(188,9,763),(194,9,764),(200,9,765),(206,9,766),(212,9,767),(129,10,753),(135,10,754),(141,10,755),(147,10,756),(153,10,757),(159,10,758),(165,10,759),(171,10,760),(177,10,761),(183,10,762),(189,10,763),(195,10,764),(201,10,765),(207,10,766),(213,10,767),(130,11,753),(136,11,754),(142,11,755),(148,11,756),(154,11,757),(160,11,758),(166,11,759),(172,11,760),(178,11,761),(184,11,762),(190,11,763),(196,11,764),(202,11,765),(208,11,766),(214,11,767),(131,12,753),(137,12,754),(143,12,755),(149,12,756),(155,12,757),(161,12,758),(167,12,759),(173,12,760),(179,12,761),(185,12,762),(191,12,763),(197,12,764),(203,12,765),(209,12,766),(215,12,767),(254,13,709),(255,13,710),(256,13,711),(257,13,712),(258,13,713),(259,13,714),(132,13,753),(138,13,754),(144,13,755),(150,13,756),(156,13,757),(162,13,758),(168,13,759),(174,13,760),(180,13,761),(186,13,762),(192,13,763),(198,13,764),(204,13,765),(210,13,766),(216,13,767),(262,13,768),(263,13,769),(264,13,770),(265,13,771),(266,13,772),(267,13,773),(268,13,774),(269,13,775),(270,13,776),(271,13,777),(272,13,778),(273,13,779),(274,13,780),(275,13,781),(276,13,782),(277,13,783),(278,13,784),(279,13,785),(280,13,786),(281,13,787),(282,13,788),(283,13,789),(284,13,790),(285,13,791),(286,13,792),(287,13,793),(288,13,794),(289,13,795),(290,13,796),(291,13,797),(292,13,798),(293,13,799),(294,13,800),(295,13,801),(296,13,802),(297,13,803),(298,13,804),(299,13,805),(300,13,806),(301,13,807),(302,13,808),(303,13,809),(304,13,810),(305,13,811),(306,13,812);
/*!40000 ALTER TABLE `programme_subject_pool` ENABLE KEYS */;
UNLOCK TABLES;

--
-- Table structure for table `programmes`
--

DROP TABLE IF EXISTS `programmes`;
/*!40101 SET @saved_cs_client     = @@character_set_client */;
/*!50503 SET character_set_client = utf8mb4 */;
CREATE TABLE `programmes` (
  `programme_id` int NOT NULL AUTO_INCREMENT,
  `level_id` int NOT NULL,
  `faculty_id` int DEFAULT NULL,
  `programme_name` varchar(100) NOT NULL,
  `scheme` enum('A','B','C','D') NOT NULL DEFAULT 'A',
  `duration_years` int DEFAULT '3',
  `created_at` timestamp NULL DEFAULT CURRENT_TIMESTAMP,
  `discipline_id` int DEFAULT NULL,
  PRIMARY KEY (`programme_id`),
  KEY `level_id` (`level_id`),
  KEY `faculty_id` (`faculty_id`),
  CONSTRAINT `programmes_ibfk_1` FOREIGN KEY (`level_id`) REFERENCES `levels` (`level_id`),
  CONSTRAINT `programmes_ibfk_2` FOREIGN KEY (`faculty_id`) REFERENCES `faculties` (`faculty_id`)
) ENGINE=InnoDB AUTO_INCREMENT=15 DEFAULT CHARSET=utf8mb4 COLLATE=utf8mb4_0900_ai_ci;
/*!40101 SET character_set_client = @saved_cs_client */;

--
-- Dumping data for table `programmes`
--

LOCK TABLES `programmes` WRITE;
/*!40000 ALTER TABLE `programmes` DISABLE KEYS */;
INSERT INTO `programmes` VALUES (1,1,1,'B.A','A',3,'2026-03-19 08:59:36',NULL),(2,1,2,'B.Sc Physical Science','A',3,'2026-03-19 08:59:36',NULL),(3,1,2,'B.Sc Life Science','A',3,'2026-03-19 08:59:36',NULL),(4,1,2,'BCA','D',3,'2026-03-19 08:59:36',NULL),(5,1,2,'BCA(Artificial Intelligence)','D',3,'2026-03-19 08:59:36',NULL),(6,1,3,'B.Com','D',3,'2026-03-19 08:59:36',NULL),(7,1,3,'B.Com SF','D',3,'2026-03-19 08:59:36',NULL),(8,2,1,'M.A English','A',2,'2026-03-19 08:59:36',1),(9,2,1,'M.A Hindi','A',2,'2026-03-19 08:59:36',2),(10,2,1,'M.A Yoga','A',2,'2026-03-19 08:59:36',6),(11,2,2,'M.Sc Math','A',2,'2026-03-19 08:59:36',14),(12,2,2,'M.Sc Zoology','A',2,'2026-03-19 08:59:36',18),(13,2,3,'M.Com','A',2,'2026-03-19 08:59:36',22),(14,1,3,'BBA','D',3,'2026-03-22 12:21:53',NULL);
/*!40000 ALTER TABLE `programmes` ENABLE KEYS */;
UNLOCK TABLES;

--
-- Table structure for table `student_disciplines`
--

DROP TABLE IF EXISTS `student_disciplines`;
/*!40101 SET @saved_cs_client     = @@character_set_client */;
/*!50503 SET character_set_client = utf8mb4 */;
CREATE TABLE `student_disciplines` (
  `id` int NOT NULL AUTO_INCREMENT,
  `student_id` int NOT NULL,
  `discipline_id` int NOT NULL,
  `created_at` timestamp NULL DEFAULT CURRENT_TIMESTAMP,
  PRIMARY KEY (`id`),
  UNIQUE KEY `unique_student_discipline` (`student_id`,`discipline_id`),
  KEY `discipline_id` (`discipline_id`),
  CONSTRAINT `student_disciplines_ibfk_1` FOREIGN KEY (`student_id`) REFERENCES `students` (`student_id`) ON DELETE CASCADE,
  CONSTRAINT `student_disciplines_ibfk_2` FOREIGN KEY (`discipline_id`) REFERENCES `disciplines` (`discipline_id`)
) ENGINE=InnoDB AUTO_INCREMENT=4 DEFAULT CHARSET=utf8mb4 COLLATE=utf8mb4_0900_ai_ci;
/*!40101 SET character_set_client = @saved_cs_client */;

--
-- Dumping data for table `student_disciplines`
--

LOCK TABLES `student_disciplines` WRITE;
/*!40000 ALTER TABLE `student_disciplines` DISABLE KEYS */;
INSERT INTO `student_disciplines` VALUES (1,2,8,'2026-03-23 14:03:31'),(2,2,3,'2026-03-23 14:03:31'),(3,2,1,'2026-03-23 14:03:31');
/*!40000 ALTER TABLE `student_disciplines` ENABLE KEYS */;
UNLOCK TABLES;

--
-- Table structure for table `student_subject_enrollment`
--

DROP TABLE IF EXISTS `student_subject_enrollment`;
/*!40101 SET @saved_cs_client     = @@character_set_client */;
/*!50503 SET character_set_client = utf8mb4 */;
CREATE TABLE `student_subject_enrollment` (
  `enrollment_id` int NOT NULL AUTO_INCREMENT,
  `student_id` int NOT NULL,
  `subject_id` int NOT NULL,
  `status` enum('PENDING','ACCEPTED','REJECTED') DEFAULT 'PENDING',
  `is_major` tinyint(1) DEFAULT '0',
  `remarks` text,
  `enrolled_at` timestamp NULL DEFAULT CURRENT_TIMESTAMP,
  `updated_at` timestamp NULL DEFAULT CURRENT_TIMESTAMP ON UPDATE CURRENT_TIMESTAMP,
  `is_draft` tinyint(1) DEFAULT '1',
  PRIMARY KEY (`enrollment_id`),
  UNIQUE KEY `unique_enrollment` (`student_id`,`subject_id`),
  KEY `subject_id` (`subject_id`),
  CONSTRAINT `student_subject_enrollment_ibfk_1` FOREIGN KEY (`student_id`) REFERENCES `students` (`student_id`),
  CONSTRAINT `student_subject_enrollment_ibfk_2` FOREIGN KEY (`subject_id`) REFERENCES `subjects` (`subject_id`)
) ENGINE=InnoDB AUTO_INCREMENT=3503 DEFAULT CHARSET=utf8mb4 COLLATE=utf8mb4_0900_ai_ci;
/*!40101 SET character_set_client = @saved_cs_client */;

--
-- Dumping data for table `student_subject_enrollment`
--

LOCK TABLES `student_subject_enrollment` WRITE;
/*!40000 ALTER TABLE `student_subject_enrollment` DISABLE KEYS */;
INSERT INTO `student_subject_enrollment` VALUES (377,8,776,'ACCEPTED',0,NULL,'2026-03-23 16:00:53','2026-03-24 04:20:13',0),(378,8,777,'ACCEPTED',0,NULL,'2026-03-23 16:00:53','2026-03-24 04:20:13',0),(381,8,780,'ACCEPTED',0,NULL,'2026-03-23 16:00:53','2026-03-24 04:20:13',0),(382,8,781,'ACCEPTED',0,NULL,'2026-03-23 16:00:53','2026-03-24 04:20:13',0),(385,8,784,'ACCEPTED',0,NULL,'2026-03-23 16:00:53','2026-03-24 04:20:13',0),(386,8,785,'ACCEPTED',0,NULL,'2026-03-23 16:00:53','2026-03-24 04:20:13',0),(394,8,793,'ACCEPTED',0,NULL,'2026-03-23 16:00:53','2026-03-24 04:20:13',0),(1093,1,2,'ACCEPTED',0,'','2026-03-24 04:36:37','2026-03-24 04:36:37',0),(1094,1,1,'ACCEPTED',0,'','2026-03-24 04:36:37','2026-03-24 04:36:37',0),(1095,1,4,'ACCEPTED',0,'','2026-03-24 04:36:37','2026-03-24 04:36:37',0),(1096,1,3,'ACCEPTED',0,'','2026-03-24 04:36:37','2026-03-24 04:36:37',0),(1097,1,6,'ACCEPTED',0,'','2026-03-24 04:36:37','2026-03-24 04:36:37',0),(1098,1,5,'ACCEPTED',0,'','2026-03-24 04:36:37','2026-03-24 04:36:37',0),(1099,1,399,'ACCEPTED',0,'','2026-03-24 04:36:37','2026-03-24 04:36:37',0),(1100,1,813,'REJECTED',0,'','2026-03-24 04:36:37','2026-03-24 04:36:37',0),(1101,1,814,'REJECTED',0,'','2026-03-24 04:36:37','2026-03-24 04:36:37',0),(1102,1,815,'REJECTED',0,'','2026-03-24 04:36:37','2026-03-24 04:36:37',0),(1103,1,816,'REJECTED',0,'','2026-03-24 04:36:37','2026-03-24 04:36:37',0),(1104,1,817,'REJECTED',0,'','2026-03-24 04:36:37','2026-03-24 04:36:37',0),(1105,1,818,'REJECTED',0,'','2026-03-24 04:36:37','2026-03-24 04:36:37',0),(1106,1,819,'REJECTED',0,'','2026-03-24 04:36:37','2026-03-24 04:36:37',0),(1107,1,820,'REJECTED',0,'','2026-03-24 04:36:37','2026-03-24 04:36:37',0),(1108,1,821,'REJECTED',0,'','2026-03-24 04:36:37','2026-03-24 04:36:37',0),(1109,1,822,'REJECTED',0,'','2026-03-24 04:36:37','2026-03-24 04:36:37',0),(1110,1,823,'REJECTED',0,'','2026-03-24 04:36:37','2026-03-24 04:36:37',0),(1111,1,824,'REJECTED',0,'','2026-03-24 04:36:37','2026-03-24 04:36:37',0),(1112,1,825,'REJECTED',0,'','2026-03-24 04:36:37','2026-03-24 04:36:37',0),(1113,1,826,'REJECTED',0,'','2026-03-24 04:36:37','2026-03-24 04:36:37',0),(1114,1,827,'REJECTED',0,'','2026-03-24 04:36:37','2026-03-24 04:36:37',0),(1115,1,828,'REJECTED',0,'','2026-03-24 04:36:37','2026-03-24 04:36:37',0),(1116,1,829,'REJECTED',0,'','2026-03-24 04:36:37','2026-03-24 04:36:37',0),(1117,1,830,'REJECTED',0,'','2026-03-24 04:36:37','2026-03-24 04:36:37',0),(1118,1,831,'REJECTED',0,'','2026-03-24 04:36:37','2026-03-24 04:36:37',0),(1119,1,832,'REJECTED',0,'','2026-03-24 04:36:37','2026-03-24 04:36:37',0),(1120,1,833,'REJECTED',0,'','2026-03-24 04:36:37','2026-03-24 04:36:37',0),(1121,1,834,'REJECTED',0,'','2026-03-24 04:36:37','2026-03-24 04:36:37',0),(1122,1,835,'REJECTED',0,'','2026-03-24 04:36:37','2026-03-24 04:36:37',0),(1123,1,836,'REJECTED',0,'','2026-03-24 04:36:37','2026-03-24 04:36:37',0),(1124,1,837,'REJECTED',0,'','2026-03-24 04:36:37','2026-03-24 04:36:37',0),(1125,1,250,'ACCEPTED',0,'','2026-03-24 04:36:37','2026-03-24 04:36:37',0),(1126,1,252,'REJECTED',0,'','2026-03-24 04:36:37','2026-03-24 04:36:37',0),(1127,1,251,'REJECTED',0,'','2026-03-24 04:36:37','2026-03-24 04:36:37',0),(1128,1,255,'REJECTED',0,'','2026-03-24 04:36:37','2026-03-24 04:36:37',0),(1129,1,253,'REJECTED',0,'','2026-03-24 04:36:37','2026-03-24 04:36:37',0),(1130,1,258,'REJECTED',0,'','2026-03-24 04:36:37','2026-03-24 04:36:37',0),(1131,1,257,'REJECTED',0,'','2026-03-24 04:36:37','2026-03-24 04:36:37',0),(1132,1,259,'REJECTED',0,'','2026-03-24 04:36:37','2026-03-24 04:36:37',0),(1133,1,261,'REJECTED',0,'','2026-03-24 04:36:37','2026-03-24 04:36:37',0),(1134,1,260,'REJECTED',0,'','2026-03-24 04:36:37','2026-03-24 04:36:37',0),(1135,1,263,'REJECTED',0,'','2026-03-24 04:36:37','2026-03-24 04:36:37',0),(1136,1,262,'REJECTED',0,'','2026-03-24 04:36:37','2026-03-24 04:36:37',0),(1137,1,265,'REJECTED',0,'','2026-03-24 04:36:37','2026-03-24 04:36:37',0),(1138,1,264,'REJECTED',0,'','2026-03-24 04:36:37','2026-03-24 04:36:37',0),(1139,1,267,'REJECTED',0,'','2026-03-24 04:36:37','2026-03-24 04:36:37',0),(1140,1,266,'REJECTED',0,'','2026-03-24 04:36:37','2026-03-24 04:36:37',0),(1141,1,269,'REJECTED',0,'','2026-03-24 04:36:37','2026-03-24 04:36:37',0),(1142,1,268,'REJECTED',0,'','2026-03-24 04:36:37','2026-03-24 04:36:37',0),(1143,1,271,'REJECTED',0,'','2026-03-24 04:36:37','2026-03-24 04:36:37',0),(1144,1,270,'REJECTED',0,'','2026-03-24 04:36:37','2026-03-24 04:36:37',0),(1145,1,272,'REJECTED',0,'','2026-03-24 04:36:37','2026-03-24 04:36:37',0),(1146,1,274,'REJECTED',0,'','2026-03-24 04:36:37','2026-03-24 04:36:37',0),(1147,1,273,'REJECTED',0,'','2026-03-24 04:36:37','2026-03-24 04:36:37',0),(1148,1,276,'REJECTED',0,'','2026-03-24 04:36:37','2026-03-24 04:36:37',0),(1149,1,275,'REJECTED',0,'','2026-03-24 04:36:37','2026-03-24 04:36:37',0),(1150,1,282,'REJECTED',0,'','2026-03-24 04:36:37','2026-03-24 04:36:37',0),(1151,1,281,'REJECTED',0,'','2026-03-24 04:36:37','2026-03-24 04:36:37',0),(1152,1,284,'REJECTED',0,'','2026-03-24 04:36:37','2026-03-24 04:36:37',0),(1153,1,283,'REJECTED',0,'','2026-03-24 04:36:37','2026-03-24 04:36:37',0),(1154,1,285,'REJECTED',0,'','2026-03-24 04:36:37','2026-03-24 04:36:37',0),(1155,1,286,'REJECTED',0,'','2026-03-24 04:36:37','2026-03-24 04:36:37',0),(1156,1,288,'REJECTED',0,'','2026-03-24 04:36:37','2026-03-24 04:36:37',0),(1157,1,287,'REJECTED',0,'','2026-03-24 04:36:37','2026-03-24 04:36:37',0),(1158,1,289,'REJECTED',0,'','2026-03-24 04:36:37','2026-03-24 04:36:37',0),(1159,1,290,'REJECTED',0,'','2026-03-24 04:36:37','2026-03-24 04:36:37',0),(1160,1,291,'REJECTED',0,'','2026-03-24 04:36:37','2026-03-24 04:36:37',0),(1161,1,293,'REJECTED',0,'','2026-03-24 04:36:37','2026-03-24 04:36:37',0),(1162,1,292,'REJECTED',0,'','2026-03-24 04:36:37','2026-03-24 04:36:37',0),(1163,1,295,'REJECTED',0,'','2026-03-24 04:36:37','2026-03-24 04:36:37',0),(1164,1,294,'REJECTED',0,'','2026-03-24 04:36:37','2026-03-24 04:36:37',0),(1165,1,297,'REJECTED',0,'','2026-03-24 04:36:37','2026-03-24 04:36:37',0),(1166,1,296,'REJECTED',0,'','2026-03-24 04:36:37','2026-03-24 04:36:37',0),(1167,1,299,'REJECTED',0,'','2026-03-24 04:36:37','2026-03-24 04:36:37',0),(1168,1,298,'REJECTED',0,'','2026-03-24 04:36:37','2026-03-24 04:36:37',0),(1169,1,301,'REJECTED',0,'','2026-03-24 04:36:37','2026-03-24 04:36:37',0),(1170,1,300,'REJECTED',0,'','2026-03-24 04:36:37','2026-03-24 04:36:37',0),(1171,1,303,'REJECTED',0,'','2026-03-24 04:36:37','2026-03-24 04:36:37',0),(1172,1,302,'REJECTED',0,'','2026-03-24 04:36:37','2026-03-24 04:36:37',0),(1173,1,278,'REJECTED',0,'','2026-03-24 04:36:37','2026-03-24 04:36:37',0),(1174,1,280,'REJECTED',0,'','2026-03-24 04:36:37','2026-03-24 04:36:37',0),(1175,1,277,'REJECTED',0,'','2026-03-24 04:36:37','2026-03-24 04:36:37',0),(1176,1,279,'REJECTED',0,'','2026-03-24 04:36:37','2026-03-24 04:36:37',0),(1177,1,305,'REJECTED',0,'','2026-03-24 04:36:37','2026-03-24 04:36:37',0),(1178,1,304,'REJECTED',0,'','2026-03-24 04:36:37','2026-03-24 04:36:37',0),(1179,1,307,'REJECTED',0,'','2026-03-24 04:36:37','2026-03-24 04:36:37',0),(1180,1,306,'REJECTED',0,'','2026-03-24 04:36:37','2026-03-24 04:36:37',0),(1181,1,308,'REJECTED',0,'','2026-03-24 04:36:37','2026-03-24 04:36:37',0),(1182,1,256,'REJECTED',0,'','2026-03-24 04:36:37','2026-03-24 04:36:37',0),(1183,1,254,'REJECTED',0,'','2026-03-24 04:36:37','2026-03-24 04:36:37',0),(1184,1,75,'ACCEPTED',0,'','2026-03-24 04:36:37','2026-03-24 04:36:37',0),(1185,1,74,'ACCEPTED',0,'','2026-03-24 04:36:37','2026-03-24 04:36:37',0),(1186,1,77,'REJECTED',0,'','2026-03-24 04:36:37','2026-03-24 04:36:37',0),(1187,1,76,'REJECTED',0,'','2026-03-24 04:36:37','2026-03-24 04:36:37',0),(1188,1,78,'REJECTED',0,'','2026-03-24 04:36:37','2026-03-24 04:36:37',0),(1189,1,80,'REJECTED',0,'','2026-03-24 04:36:37','2026-03-24 04:36:37',0),(1190,1,79,'REJECTED',0,'','2026-03-24 04:36:37','2026-03-24 04:36:37',0),(1191,1,82,'REJECTED',0,'','2026-03-24 04:36:37','2026-03-24 04:36:37',0),(1192,1,81,'REJECTED',0,'','2026-03-24 04:36:37','2026-03-24 04:36:37',0),(1193,1,84,'REJECTED',0,'','2026-03-24 04:36:37','2026-03-24 04:36:37',0),(1194,1,83,'REJECTED',0,'','2026-03-24 04:36:37','2026-03-24 04:36:37',0),(1195,1,86,'REJECTED',0,'','2026-03-24 04:36:37','2026-03-24 04:36:37',0),(1196,1,85,'REJECTED',0,'','2026-03-24 04:36:37','2026-03-24 04:36:37',0),(1197,1,87,'REJECTED',0,'','2026-03-24 04:36:37','2026-03-24 04:36:37',0),(1198,1,88,'REJECTED',0,'','2026-03-24 04:36:37','2026-03-24 04:36:37',0),(1199,1,89,'REJECTED',0,'','2026-03-24 04:36:37','2026-03-24 04:36:37',0),(1200,1,90,'REJECTED',0,'','2026-03-24 04:36:37','2026-03-24 04:36:37',0),(1201,1,92,'REJECTED',0,'','2026-03-24 04:36:37','2026-03-24 04:36:37',0),(1202,1,91,'REJECTED',0,'','2026-03-24 04:36:37','2026-03-24 04:36:37',0),(1203,1,94,'REJECTED',0,'','2026-03-24 04:36:37','2026-03-24 04:36:37',0),(1204,1,93,'REJECTED',0,'','2026-03-24 04:36:37','2026-03-24 04:36:37',0),(1205,1,95,'REJECTED',0,'','2026-03-24 04:36:37','2026-03-24 04:36:37',0),(1206,1,96,'REJECTED',0,'','2026-03-24 04:36:37','2026-03-24 04:36:37',0),(1207,1,97,'REJECTED',0,'','2026-03-24 04:36:37','2026-03-24 04:36:37',0),(1208,1,99,'REJECTED',0,'','2026-03-24 04:36:37','2026-03-24 04:36:37',0),(1209,1,98,'REJECTED',0,'','2026-03-24 04:36:37','2026-03-24 04:36:37',0),(1210,1,101,'REJECTED',0,'','2026-03-24 04:36:37','2026-03-24 04:36:37',0),(1211,1,100,'REJECTED',0,'','2026-03-24 04:36:37','2026-03-24 04:36:37',0),(1212,1,102,'REJECTED',0,'','2026-03-24 04:36:37','2026-03-24 04:36:37',0),(1213,1,104,'REJECTED',0,'','2026-03-24 04:36:37','2026-03-24 04:36:37',0),(1214,1,103,'REJECTED',0,'','2026-03-24 04:36:37','2026-03-24 04:36:37',0),(1215,1,106,'REJECTED',0,'','2026-03-24 04:36:37','2026-03-24 04:36:37',0),(1216,1,105,'REJECTED',0,'','2026-03-24 04:36:37','2026-03-24 04:36:37',0),(1217,1,107,'REJECTED',0,'','2026-03-24 04:36:37','2026-03-24 04:36:37',0),(1218,1,109,'REJECTED',0,'','2026-03-24 04:36:37','2026-03-24 04:36:37',0),(1219,1,108,'REJECTED',0,'','2026-03-24 04:36:37','2026-03-24 04:36:37',0),(1220,1,110,'REJECTED',0,'','2026-03-24 04:36:37','2026-03-24 04:36:37',0),(1221,1,111,'REJECTED',0,'','2026-03-24 04:36:37','2026-03-24 04:36:37',0),(1222,1,112,'REJECTED',0,'','2026-03-24 04:36:37','2026-03-24 04:36:37',0),(1223,1,113,'REJECTED',0,'','2026-03-24 04:36:37','2026-03-24 04:36:37',0),(1224,1,114,'REJECTED',0,'','2026-03-24 04:36:37','2026-03-24 04:36:37',0),(1225,1,116,'REJECTED',0,'','2026-03-24 04:36:37','2026-03-24 04:36:37',0),(1226,1,115,'REJECTED',0,'','2026-03-24 04:36:37','2026-03-24 04:36:37',0),(1227,1,117,'REJECTED',0,'','2026-03-24 04:36:37','2026-03-24 04:36:37',0),(1228,1,119,'REJECTED',0,'','2026-03-24 04:36:37','2026-03-24 04:36:37',0),(1229,1,118,'REJECTED',0,'','2026-03-24 04:36:37','2026-03-24 04:36:37',0),(1230,1,120,'REJECTED',0,'','2026-03-24 04:36:37','2026-03-24 04:36:37',0),(1231,1,13,'ACCEPTED',0,'','2026-03-24 04:36:37','2026-03-24 04:36:37',0),(1232,1,14,'REJECTED',0,'','2026-03-24 04:36:37','2026-03-24 04:36:37',0),(1233,1,175,'ACCEPTED',0,'','2026-03-24 04:36:37','2026-03-24 04:36:37',0),(1234,1,176,'REJECTED',0,'','2026-03-24 04:36:37','2026-03-24 04:36:37',0),(1235,1,177,'REJECTED',0,'','2026-03-24 04:36:37','2026-03-24 04:36:37',0),(1236,1,178,'REJECTED',0,'','2026-03-24 04:36:37','2026-03-24 04:36:37',0),(1237,1,179,'REJECTED',0,'','2026-03-24 04:36:37','2026-03-24 04:36:37',0),(1238,1,180,'REJECTED',0,'','2026-03-24 04:36:37','2026-03-24 04:36:37',0),(1239,1,181,'REJECTED',0,'','2026-03-24 04:36:37','2026-03-24 04:36:37',0),(1240,1,182,'REJECTED',0,'','2026-03-24 04:36:37','2026-03-24 04:36:37',0),(1241,1,183,'REJECTED',0,'','2026-03-24 04:36:37','2026-03-24 04:36:37',0),(1242,1,184,'REJECTED',0,'','2026-03-24 04:36:37','2026-03-24 04:36:37',0),(1243,1,185,'REJECTED',0,'','2026-03-24 04:36:37','2026-03-24 04:36:37',0),(1244,1,186,'REJECTED',0,'','2026-03-24 04:36:37','2026-03-24 04:36:37',0),(1245,1,187,'REJECTED',0,'','2026-03-24 04:36:37','2026-03-24 04:36:37',0),(1246,1,188,'REJECTED',0,'','2026-03-24 04:36:37','2026-03-24 04:36:37',0),(1247,1,189,'REJECTED',0,'','2026-03-24 04:36:37','2026-03-24 04:36:37',0),(1248,1,190,'REJECTED',0,'','2026-03-24 04:36:37','2026-03-24 04:36:37',0),(1249,1,191,'REJECTED',0,'','2026-03-24 04:36:37','2026-03-24 04:36:37',0),(1250,1,192,'REJECTED',0,'','2026-03-24 04:36:37','2026-03-24 04:36:37',0),(1251,1,193,'REJECTED',0,'','2026-03-24 04:36:37','2026-03-24 04:36:37',0),(1252,1,194,'REJECTED',0,'','2026-03-24 04:36:37','2026-03-24 04:36:37',0),(1253,1,195,'REJECTED',0,'','2026-03-24 04:36:37','2026-03-24 04:36:37',0),(1254,1,196,'REJECTED',0,'','2026-03-24 04:36:37','2026-03-24 04:36:37',0),(1255,1,197,'REJECTED',0,'','2026-03-24 04:36:37','2026-03-24 04:36:37',0),(1256,1,198,'REJECTED',0,'','2026-03-24 04:36:37','2026-03-24 04:36:37',0),(1257,1,199,'REJECTED',0,'','2026-03-24 04:36:37','2026-03-24 04:36:37',0),(1258,1,200,'REJECTED',0,'','2026-03-24 04:36:37','2026-03-24 04:36:37',0),(1259,1,201,'REJECTED',0,'','2026-03-24 04:36:37','2026-03-24 04:36:37',0),(1260,1,202,'REJECTED',0,'','2026-03-24 04:36:37','2026-03-24 04:36:37',0),(1261,1,203,'REJECTED',0,'','2026-03-24 04:36:37','2026-03-24 04:36:37',0),(1262,1,204,'REJECTED',0,'','2026-03-24 04:36:37','2026-03-24 04:36:37',0),(1263,1,205,'REJECTED',0,'','2026-03-24 04:36:37','2026-03-24 04:36:37',0),(1264,1,206,'REJECTED',0,'','2026-03-24 04:36:37','2026-03-24 04:36:37',0),(1265,1,207,'REJECTED',0,'','2026-03-24 04:36:37','2026-03-24 04:36:37',0),(2126,2,468,'ACCEPTED',0,'','2026-03-24 04:41:30','2026-03-24 04:41:30',0),(2127,2,469,'REJECTED',0,'','2026-03-24 04:41:30','2026-03-24 04:41:30',0),(2128,2,472,'ACCEPTED',0,'','2026-03-24 04:41:30','2026-03-24 04:41:30',0),(2129,2,473,'ACCEPTED',0,'','2026-03-24 04:41:30','2026-03-24 04:41:30',0),(2130,2,478,'ACCEPTED',0,'','2026-03-24 04:41:30','2026-03-24 04:41:30',0),(2131,2,399,'ACCEPTED',0,'','2026-03-24 04:41:30','2026-03-24 04:41:30',0),(2132,2,813,'REJECTED',0,'','2026-03-24 04:41:30','2026-03-24 04:41:30',0),(2133,2,814,'REJECTED',0,'','2026-03-24 04:41:30','2026-03-24 04:41:30',0),(2134,2,815,'REJECTED',0,'','2026-03-24 04:41:30','2026-03-24 04:41:30',0),(2135,2,816,'REJECTED',0,'','2026-03-24 04:41:30','2026-03-24 04:41:30',0),(2136,2,817,'REJECTED',0,'','2026-03-24 04:41:30','2026-03-24 04:41:30',0),(2137,2,818,'REJECTED',0,'','2026-03-24 04:41:30','2026-03-24 04:41:30',0),(2138,2,819,'REJECTED',0,'','2026-03-24 04:41:30','2026-03-24 04:41:30',0),(2139,2,820,'REJECTED',0,'','2026-03-24 04:41:30','2026-03-24 04:41:30',0),(2140,2,821,'REJECTED',0,'','2026-03-24 04:41:30','2026-03-24 04:41:30',0),(2141,2,822,'REJECTED',0,'','2026-03-24 04:41:30','2026-03-24 04:41:30',0),(2142,2,823,'REJECTED',0,'','2026-03-24 04:41:30','2026-03-24 04:41:30',0),(2143,2,824,'REJECTED',0,'','2026-03-24 04:41:30','2026-03-24 04:41:30',0),(2144,2,825,'REJECTED',0,'','2026-03-24 04:41:30','2026-03-24 04:41:30',0),(2145,2,826,'REJECTED',0,'','2026-03-24 04:41:30','2026-03-24 04:41:30',0),(2146,2,827,'REJECTED',0,'','2026-03-24 04:41:30','2026-03-24 04:41:30',0),(2147,2,828,'REJECTED',0,'','2026-03-24 04:41:30','2026-03-24 04:41:30',0),(2148,2,829,'REJECTED',0,'','2026-03-24 04:41:30','2026-03-24 04:41:30',0),(2149,2,830,'REJECTED',0,'','2026-03-24 04:41:30','2026-03-24 04:41:30',0),(2150,2,831,'REJECTED',0,'','2026-03-24 04:41:30','2026-03-24 04:41:30',0),(2151,2,832,'REJECTED',0,'','2026-03-24 04:41:30','2026-03-24 04:41:30',0),(2152,2,833,'REJECTED',0,'','2026-03-24 04:41:30','2026-03-24 04:41:30',0),(2153,2,834,'REJECTED',0,'','2026-03-24 04:41:30','2026-03-24 04:41:30',0),(2154,2,835,'REJECTED',0,'','2026-03-24 04:41:30','2026-03-24 04:41:30',0),(2155,2,836,'REJECTED',0,'','2026-03-24 04:41:30','2026-03-24 04:41:30',0),(2156,2,837,'REJECTED',0,'','2026-03-24 04:41:30','2026-03-24 04:41:30',0),(2157,2,250,'ACCEPTED',0,'','2026-03-24 04:41:30','2026-03-24 04:41:30',0),(2158,2,252,'REJECTED',0,'','2026-03-24 04:41:30','2026-03-24 04:41:30',0),(2159,2,251,'REJECTED',0,'','2026-03-24 04:41:30','2026-03-24 04:41:30',0),(2160,2,255,'REJECTED',0,'','2026-03-24 04:41:30','2026-03-24 04:41:30',0),(2161,2,253,'REJECTED',0,'','2026-03-24 04:41:30','2026-03-24 04:41:30',0),(2162,2,258,'REJECTED',0,'','2026-03-24 04:41:30','2026-03-24 04:41:30',0),(2163,2,257,'REJECTED',0,'','2026-03-24 04:41:30','2026-03-24 04:41:30',0),(2164,2,259,'REJECTED',0,'','2026-03-24 04:41:30','2026-03-24 04:41:30',0),(2165,2,261,'REJECTED',0,'','2026-03-24 04:41:30','2026-03-24 04:41:30',0),(2166,2,260,'REJECTED',0,'','2026-03-24 04:41:30','2026-03-24 04:41:30',0),(2167,2,263,'REJECTED',0,'','2026-03-24 04:41:30','2026-03-24 04:41:30',0),(2168,2,262,'REJECTED',0,'','2026-03-24 04:41:30','2026-03-24 04:41:30',0),(2169,2,265,'REJECTED',0,'','2026-03-24 04:41:30','2026-03-24 04:41:30',0),(2170,2,264,'REJECTED',0,'','2026-03-24 04:41:30','2026-03-24 04:41:30',0),(2171,2,267,'REJECTED',0,'','2026-03-24 04:41:30','2026-03-24 04:41:30',0),(2172,2,266,'REJECTED',0,'','2026-03-24 04:41:30','2026-03-24 04:41:30',0),(2173,2,269,'REJECTED',0,'','2026-03-24 04:41:30','2026-03-24 04:41:30',0),(2174,2,268,'REJECTED',0,'','2026-03-24 04:41:30','2026-03-24 04:41:30',0),(2175,2,271,'REJECTED',0,'','2026-03-24 04:41:30','2026-03-24 04:41:30',0),(2176,2,270,'REJECTED',0,'','2026-03-24 04:41:30','2026-03-24 04:41:30',0),(2177,2,272,'REJECTED',0,'','2026-03-24 04:41:30','2026-03-24 04:41:30',0),(2178,2,274,'REJECTED',0,'','2026-03-24 04:41:30','2026-03-24 04:41:30',0),(2179,2,273,'REJECTED',0,'','2026-03-24 04:41:30','2026-03-24 04:41:30',0),(2180,2,276,'REJECTED',0,'','2026-03-24 04:41:30','2026-03-24 04:41:30',0),(2181,2,275,'REJECTED',0,'','2026-03-24 04:41:30','2026-03-24 04:41:30',0),(2182,2,282,'REJECTED',0,'','2026-03-24 04:41:30','2026-03-24 04:41:30',0),(2183,2,281,'REJECTED',0,'','2026-03-24 04:41:30','2026-03-24 04:41:30',0),(2184,2,284,'REJECTED',0,'','2026-03-24 04:41:30','2026-03-24 04:41:30',0),(2185,2,283,'REJECTED',0,'','2026-03-24 04:41:30','2026-03-24 04:41:30',0),(2186,2,285,'REJECTED',0,'','2026-03-24 04:41:30','2026-03-24 04:41:30',0),(2187,2,286,'REJECTED',0,'','2026-03-24 04:41:30','2026-03-24 04:41:30',0),(2188,2,288,'REJECTED',0,'','2026-03-24 04:41:30','2026-03-24 04:41:30',0),(2189,2,287,'REJECTED',0,'','2026-03-24 04:41:30','2026-03-24 04:41:30',0),(2190,2,289,'REJECTED',0,'','2026-03-24 04:41:30','2026-03-24 04:41:30',0),(2191,2,290,'REJECTED',0,'','2026-03-24 04:41:30','2026-03-24 04:41:30',0),(2192,2,291,'REJECTED',0,'','2026-03-24 04:41:30','2026-03-24 04:41:30',0),(2193,2,293,'REJECTED',0,'','2026-03-24 04:41:30','2026-03-24 04:41:30',0),(2194,2,292,'REJECTED',0,'','2026-03-24 04:41:30','2026-03-24 04:41:30',0),(2195,2,295,'REJECTED',0,'','2026-03-24 04:41:30','2026-03-24 04:41:30',0),(2196,2,294,'REJECTED',0,'','2026-03-24 04:41:30','2026-03-24 04:41:30',0),(2197,2,297,'REJECTED',0,'','2026-03-24 04:41:30','2026-03-24 04:41:30',0),(2198,2,296,'REJECTED',0,'','2026-03-24 04:41:30','2026-03-24 04:41:30',0),(2199,2,299,'REJECTED',0,'','2026-03-24 04:41:30','2026-03-24 04:41:30',0),(2200,2,298,'REJECTED',0,'','2026-03-24 04:41:30','2026-03-24 04:41:30',0),(2201,2,301,'REJECTED',0,'','2026-03-24 04:41:30','2026-03-24 04:41:30',0),(2202,2,300,'REJECTED',0,'','2026-03-24 04:41:30','2026-03-24 04:41:30',0),(2203,2,303,'REJECTED',0,'','2026-03-24 04:41:30','2026-03-24 04:41:30',0),(2204,2,302,'REJECTED',0,'','2026-03-24 04:41:30','2026-03-24 04:41:30',0),(2205,2,278,'REJECTED',0,'','2026-03-24 04:41:30','2026-03-24 04:41:30',0),(2206,2,280,'REJECTED',0,'','2026-03-24 04:41:30','2026-03-24 04:41:30',0),(2207,2,277,'REJECTED',0,'','2026-03-24 04:41:30','2026-03-24 04:41:30',0),(2208,2,279,'REJECTED',0,'','2026-03-24 04:41:30','2026-03-24 04:41:30',0),(2209,2,305,'REJECTED',0,'','2026-03-24 04:41:30','2026-03-24 04:41:30',0),(2210,2,304,'REJECTED',0,'','2026-03-24 04:41:30','2026-03-24 04:41:30',0),(2211,2,307,'REJECTED',0,'','2026-03-24 04:41:30','2026-03-24 04:41:30',0),(2212,2,306,'REJECTED',0,'','2026-03-24 04:41:30','2026-03-24 04:41:30',0),(2213,2,308,'REJECTED',0,'','2026-03-24 04:41:30','2026-03-24 04:41:30',0),(2214,2,256,'REJECTED',0,'','2026-03-24 04:41:30','2026-03-24 04:41:30',0),(2215,2,254,'REJECTED',0,'','2026-03-24 04:41:30','2026-03-24 04:41:30',0),(2216,2,75,'ACCEPTED',0,'','2026-03-24 04:41:30','2026-03-24 04:41:30',0),(2217,2,74,'ACCEPTED',0,'','2026-03-24 04:41:30','2026-03-24 04:41:30',0),(2218,2,77,'REJECTED',0,'','2026-03-24 04:41:30','2026-03-24 04:41:30',0),(2219,2,76,'REJECTED',0,'','2026-03-24 04:41:30','2026-03-24 04:41:30',0),(2220,2,78,'REJECTED',0,'','2026-03-24 04:41:30','2026-03-24 04:41:30',0),(2221,2,80,'REJECTED',0,'','2026-03-24 04:41:30','2026-03-24 04:41:30',0),(2222,2,79,'REJECTED',0,'','2026-03-24 04:41:30','2026-03-24 04:41:30',0),(2223,2,82,'REJECTED',0,'','2026-03-24 04:41:30','2026-03-24 04:41:30',0),(2224,2,81,'REJECTED',0,'','2026-03-24 04:41:30','2026-03-24 04:41:30',0),(2225,2,84,'REJECTED',0,'','2026-03-24 04:41:30','2026-03-24 04:41:30',0),(2226,2,83,'REJECTED',0,'','2026-03-24 04:41:30','2026-03-24 04:41:30',0),(2227,2,86,'REJECTED',0,'','2026-03-24 04:41:30','2026-03-24 04:41:30',0),(2228,2,85,'REJECTED',0,'','2026-03-24 04:41:30','2026-03-24 04:41:30',0),(2229,2,87,'REJECTED',0,'','2026-03-24 04:41:30','2026-03-24 04:41:30',0),(2230,2,88,'REJECTED',0,'','2026-03-24 04:41:30','2026-03-24 04:41:30',0),(2231,2,89,'REJECTED',0,'','2026-03-24 04:41:30','2026-03-24 04:41:30',0),(2232,2,90,'REJECTED',0,'','2026-03-24 04:41:30','2026-03-24 04:41:30',0),(2233,2,92,'REJECTED',0,'','2026-03-24 04:41:30','2026-03-24 04:41:30',0),(2234,2,91,'REJECTED',0,'','2026-03-24 04:41:30','2026-03-24 04:41:30',0),(2235,2,94,'REJECTED',0,'','2026-03-24 04:41:30','2026-03-24 04:41:30',0),(2236,2,93,'REJECTED',0,'','2026-03-24 04:41:30','2026-03-24 04:41:30',0),(2237,2,95,'REJECTED',0,'','2026-03-24 04:41:30','2026-03-24 04:41:30',0),(2238,2,96,'REJECTED',0,'','2026-03-24 04:41:30','2026-03-24 04:41:30',0),(2239,2,97,'REJECTED',0,'','2026-03-24 04:41:30','2026-03-24 04:41:30',0),(2240,2,99,'REJECTED',0,'','2026-03-24 04:41:30','2026-03-24 04:41:30',0),(2241,2,98,'REJECTED',0,'','2026-03-24 04:41:30','2026-03-24 04:41:30',0),(2242,2,101,'REJECTED',0,'','2026-03-24 04:41:30','2026-03-24 04:41:30',0),(2243,2,100,'REJECTED',0,'','2026-03-24 04:41:30','2026-03-24 04:41:30',0),(2244,2,102,'REJECTED',0,'','2026-03-24 04:41:30','2026-03-24 04:41:30',0),(2245,2,104,'REJECTED',0,'','2026-03-24 04:41:30','2026-03-24 04:41:30',0),(2246,2,103,'REJECTED',0,'','2026-03-24 04:41:30','2026-03-24 04:41:30',0),(2247,2,106,'REJECTED',0,'','2026-03-24 04:41:30','2026-03-24 04:41:30',0),(2248,2,105,'REJECTED',0,'','2026-03-24 04:41:30','2026-03-24 04:41:30',0),(2249,2,107,'REJECTED',0,'','2026-03-24 04:41:30','2026-03-24 04:41:30',0),(2250,2,109,'REJECTED',0,'','2026-03-24 04:41:30','2026-03-24 04:41:30',0),(2251,2,108,'REJECTED',0,'','2026-03-24 04:41:30','2026-03-24 04:41:30',0),(2252,2,110,'REJECTED',0,'','2026-03-24 04:41:30','2026-03-24 04:41:30',0),(2253,2,111,'REJECTED',0,'','2026-03-24 04:41:30','2026-03-24 04:41:30',0),(2254,2,112,'REJECTED',0,'','2026-03-24 04:41:30','2026-03-24 04:41:30',0),(2255,2,113,'REJECTED',0,'','2026-03-24 04:41:30','2026-03-24 04:41:30',0),(2256,2,114,'REJECTED',0,'','2026-03-24 04:41:30','2026-03-24 04:41:30',0),(2257,2,116,'REJECTED',0,'','2026-03-24 04:41:30','2026-03-24 04:41:30',0),(2258,2,115,'REJECTED',0,'','2026-03-24 04:41:30','2026-03-24 04:41:30',0),(2259,2,117,'REJECTED',0,'','2026-03-24 04:41:30','2026-03-24 04:41:30',0),(2260,2,119,'REJECTED',0,'','2026-03-24 04:41:30','2026-03-24 04:41:30',0),(2261,2,118,'REJECTED',0,'','2026-03-24 04:41:30','2026-03-24 04:41:30',0),(2262,2,120,'REJECTED',0,'','2026-03-24 04:41:30','2026-03-24 04:41:30',0),(2263,2,13,'ACCEPTED',0,'','2026-03-24 04:41:30','2026-03-24 04:41:30',0),(2264,2,14,'REJECTED',0,'','2026-03-24 04:41:30','2026-03-24 04:41:30',0),(2265,2,175,'ACCEPTED',0,'','2026-03-24 04:41:30','2026-03-24 04:41:30',0),(2266,2,176,'REJECTED',0,'','2026-03-24 04:41:30','2026-03-24 04:41:30',0),(2267,2,177,'REJECTED',0,'','2026-03-24 04:41:30','2026-03-24 04:41:30',0),(2268,2,178,'REJECTED',0,'','2026-03-24 04:41:30','2026-03-24 04:41:30',0),(2269,2,179,'REJECTED',0,'','2026-03-24 04:41:30','2026-03-24 04:41:30',0),(2270,2,180,'REJECTED',0,'','2026-03-24 04:41:30','2026-03-24 04:41:30',0),(2271,2,181,'REJECTED',0,'','2026-03-24 04:41:30','2026-03-24 04:41:30',0),(2272,2,182,'REJECTED',0,'','2026-03-24 04:41:30','2026-03-24 04:41:30',0),(2273,2,183,'REJECTED',0,'','2026-03-24 04:41:30','2026-03-24 04:41:30',0),(2274,2,184,'REJECTED',0,'','2026-03-24 04:41:30','2026-03-24 04:41:30',0),(2275,2,185,'REJECTED',0,'','2026-03-24 04:41:30','2026-03-24 04:41:30',0),(2276,2,186,'REJECTED',0,'','2026-03-24 04:41:30','2026-03-24 04:41:30',0),(2277,2,187,'REJECTED',0,'','2026-03-24 04:41:30','2026-03-24 04:41:30',0),(2278,2,188,'REJECTED',0,'','2026-03-24 04:41:30','2026-03-24 04:41:30',0),(2279,2,189,'REJECTED',0,'','2026-03-24 04:41:30','2026-03-24 04:41:30',0),(2280,2,190,'REJECTED',0,'','2026-03-24 04:41:30','2026-03-24 04:41:30',0),(2281,2,191,'REJECTED',0,'','2026-03-24 04:41:30','2026-03-24 04:41:30',0),(2282,2,192,'REJECTED',0,'','2026-03-24 04:41:30','2026-03-24 04:41:30',0),(2283,2,193,'REJECTED',0,'','2026-03-24 04:41:30','2026-03-24 04:41:30',0),(2284,2,194,'REJECTED',0,'','2026-03-24 04:41:30','2026-03-24 04:41:30',0),(2285,2,195,'REJECTED',0,'','2026-03-24 04:41:30','2026-03-24 04:41:30',0),(2286,2,196,'REJECTED',0,'','2026-03-24 04:41:30','2026-03-24 04:41:30',0),(2287,2,197,'REJECTED',0,'','2026-03-24 04:41:30','2026-03-24 04:41:30',0),(2288,2,198,'REJECTED',0,'','2026-03-24 04:41:30','2026-03-24 04:41:30',0),(2289,2,199,'REJECTED',0,'','2026-03-24 04:41:30','2026-03-24 04:41:30',0),(2290,2,200,'REJECTED',0,'','2026-03-24 04:41:30','2026-03-24 04:41:30',0),(2291,2,201,'REJECTED',0,'','2026-03-24 04:41:30','2026-03-24 04:41:30',0),(2292,2,202,'REJECTED',0,'','2026-03-24 04:41:30','2026-03-24 04:41:30',0),(2293,2,203,'REJECTED',0,'','2026-03-24 04:41:30','2026-03-24 04:41:30',0),(2294,2,204,'REJECTED',0,'','2026-03-24 04:41:30','2026-03-24 04:41:30',0),(2295,2,205,'REJECTED',0,'','2026-03-24 04:41:30','2026-03-24 04:41:30',0),(2296,2,206,'REJECTED',0,'','2026-03-24 04:41:30','2026-03-24 04:41:30',0),(2297,2,207,'REJECTED',0,'','2026-03-24 04:41:30','2026-03-24 04:41:30',0),(2314,6,768,'ACCEPTED',0,'','2026-03-24 04:55:44','2026-03-24 04:55:44',0),(2315,6,769,'ACCEPTED',0,'','2026-03-24 04:55:44','2026-03-24 04:55:44',0),(2316,6,770,'ACCEPTED',0,'','2026-03-24 04:55:44','2026-03-24 04:55:44',0),(2317,6,771,'ACCEPTED',0,'','2026-03-24 04:55:44','2026-03-24 04:55:44',0),(2318,6,774,'ACCEPTED',0,'','2026-03-24 04:55:44','2026-03-24 04:55:44',0),(2319,6,772,'ACCEPTED',0,'','2026-03-24 04:55:44','2026-03-24 04:55:44',0),(2320,6,773,'REJECTED',0,'','2026-03-24 04:55:44','2026-03-24 04:55:44',0),(2321,6,775,'ACCEPTED',0,'','2026-03-24 04:55:44','2026-03-24 04:55:44',0),(2455,9,794,'ACCEPTED',0,'','2026-03-24 05:14:37','2026-03-24 05:14:37',0),(2456,9,811,'REJECTED',0,'','2026-03-24 05:14:37','2026-03-24 05:14:37',0),(2457,9,810,'ACCEPTED',0,'','2026-03-24 05:14:37','2026-03-24 05:14:37',0),(2458,9,812,'REJECTED',0,'','2026-03-24 05:14:37','2026-03-24 05:14:37',0),(2459,9,795,'PENDING',0,'','2026-03-24 05:14:37','2026-03-24 05:14:37',0),(2460,9,796,'PENDING',0,'','2026-03-24 05:14:37','2026-03-24 05:14:37',0),(2461,9,797,'PENDING',0,'','2026-03-24 05:14:37','2026-03-24 05:14:37',0),(2462,9,798,'PENDING',0,'','2026-03-24 05:14:37','2026-03-24 05:14:37',0),(2463,9,799,'PENDING',0,'','2026-03-24 05:14:37','2026-03-24 05:14:37',0),(2464,9,800,'PENDING',0,'','2026-03-24 05:14:37','2026-03-24 05:14:37',0),(2465,9,801,'PENDING',0,'','2026-03-24 05:14:37','2026-03-24 05:14:37',0),(2466,9,802,'PENDING',0,'','2026-03-24 05:14:37','2026-03-24 05:14:37',0),(2467,9,803,'PENDING',0,'','2026-03-24 05:14:37','2026-03-24 05:14:37',0),(2468,9,804,'PENDING',0,'','2026-03-24 05:14:37','2026-03-24 05:14:37',0),(2469,9,805,'ACCEPTED',0,'','2026-03-24 05:14:37','2026-03-24 05:14:37',0),(2470,9,806,'ACCEPTED',0,'','2026-03-24 05:14:37','2026-03-24 05:14:37',0),(2471,9,807,'ACCEPTED',0,'','2026-03-24 05:14:37','2026-03-24 05:14:37',0),(2472,9,808,'ACCEPTED',0,'','2026-03-24 05:14:37','2026-03-24 05:14:37',0),(2473,9,809,'PENDING',0,'','2026-03-24 05:14:37','2026-03-24 05:14:37',0),(2474,4,13,'ACCEPTED',0,NULL,'2026-03-24 05:16:32','2026-03-24 05:17:07',1),(2475,4,14,'REJECTED',0,NULL,'2026-03-24 05:16:32','2026-03-24 05:17:07',1),(2476,4,74,'REJECTED',0,NULL,'2026-03-24 05:16:32','2026-03-24 05:17:00',1),(2477,4,75,'REJECTED',0,NULL,'2026-03-24 05:16:32','2026-03-24 05:17:00',1),(2478,4,76,'REJECTED',0,NULL,'2026-03-24 05:16:32','2026-03-24 05:17:00',1),(2479,4,77,'REJECTED',0,NULL,'2026-03-24 05:16:32','2026-03-24 05:17:00',1),(2480,4,78,'REJECTED',0,NULL,'2026-03-24 05:16:32','2026-03-24 05:17:00',1),(2481,4,79,'ACCEPTED',0,NULL,'2026-03-24 05:16:32','2026-03-24 05:17:00',1),(2482,4,80,'ACCEPTED',0,NULL,'2026-03-24 05:16:32','2026-03-24 05:17:00',1),(2483,4,81,'REJECTED',0,NULL,'2026-03-24 05:16:32','2026-03-24 05:17:00',1),(2484,4,82,'REJECTED',0,NULL,'2026-03-24 05:16:32','2026-03-24 05:17:00',1),(2485,4,83,'REJECTED',0,NULL,'2026-03-24 05:16:32','2026-03-24 05:17:00',1),(2486,4,84,'REJECTED',0,NULL,'2026-03-24 05:16:32','2026-03-24 05:17:00',1),(2487,4,85,'REJECTED',0,NULL,'2026-03-24 05:16:32','2026-03-24 05:17:00',1),(2488,4,86,'REJECTED',0,NULL,'2026-03-24 05:16:32','2026-03-24 05:17:00',1),(2489,4,87,'REJECTED',0,NULL,'2026-03-24 05:16:32','2026-03-24 05:17:00',1),(2490,4,88,'REJECTED',0,NULL,'2026-03-24 05:16:32','2026-03-24 05:17:00',1),(2491,4,89,'REJECTED',0,NULL,'2026-03-24 05:16:32','2026-03-24 05:17:00',1),(2492,4,90,'REJECTED',0,NULL,'2026-03-24 05:16:32','2026-03-24 05:17:00',1),(2493,4,91,'REJECTED',0,NULL,'2026-03-24 05:16:32','2026-03-24 05:17:00',1),(2494,4,92,'REJECTED',0,NULL,'2026-03-24 05:16:32','2026-03-24 05:17:00',1),(2495,4,93,'REJECTED',0,NULL,'2026-03-24 05:16:32','2026-03-24 05:17:00',1),(2496,4,94,'REJECTED',0,NULL,'2026-03-24 05:16:32','2026-03-24 05:17:00',1),(2497,4,95,'REJECTED',0,NULL,'2026-03-24 05:16:32','2026-03-24 05:17:00',1),(2498,4,96,'REJECTED',0,NULL,'2026-03-24 05:16:32','2026-03-24 05:17:00',1),(2499,4,97,'REJECTED',0,NULL,'2026-03-24 05:16:32','2026-03-24 05:17:00',1),(2500,4,98,'REJECTED',0,NULL,'2026-03-24 05:16:32','2026-03-24 05:17:00',1),(2501,4,99,'REJECTED',0,NULL,'2026-03-24 05:16:32','2026-03-24 05:17:00',1),(2502,4,100,'REJECTED',0,NULL,'2026-03-24 05:16:32','2026-03-24 05:17:00',1),(2503,4,101,'REJECTED',0,NULL,'2026-03-24 05:16:32','2026-03-24 05:17:00',1),(2504,4,102,'REJECTED',0,NULL,'2026-03-24 05:16:32','2026-03-24 05:17:00',1),(2505,4,103,'REJECTED',0,NULL,'2026-03-24 05:16:32','2026-03-24 05:17:00',1),(2506,4,104,'REJECTED',0,NULL,'2026-03-24 05:16:32','2026-03-24 05:17:00',1),(2507,4,105,'REJECTED',0,NULL,'2026-03-24 05:16:32','2026-03-24 05:17:00',1),(2508,4,106,'REJECTED',0,NULL,'2026-03-24 05:16:32','2026-03-24 05:17:00',1),(2509,4,107,'REJECTED',0,NULL,'2026-03-24 05:16:32','2026-03-24 05:17:00',1),(2510,4,108,'REJECTED',0,NULL,'2026-03-24 05:16:32','2026-03-24 05:17:00',1),(2511,4,109,'REJECTED',0,NULL,'2026-03-24 05:16:32','2026-03-24 05:17:00',1),(2512,4,110,'REJECTED',0,NULL,'2026-03-24 05:16:32','2026-03-24 05:17:00',1),(2513,4,111,'REJECTED',0,NULL,'2026-03-24 05:16:32','2026-03-24 05:17:00',1),(2514,4,112,'REJECTED',0,NULL,'2026-03-24 05:16:32','2026-03-24 05:17:00',1),(2515,4,113,'REJECTED',0,NULL,'2026-03-24 05:16:32','2026-03-24 05:17:00',1),(2516,4,114,'REJECTED',0,NULL,'2026-03-24 05:16:32','2026-03-24 05:17:00',1),(2517,4,115,'REJECTED',0,NULL,'2026-03-24 05:16:32','2026-03-24 05:17:00',1),(2518,4,116,'REJECTED',0,NULL,'2026-03-24 05:16:32','2026-03-24 05:17:00',1),(2519,4,117,'REJECTED',0,NULL,'2026-03-24 05:16:32','2026-03-24 05:17:00',1),(2520,4,118,'REJECTED',0,NULL,'2026-03-24 05:16:32','2026-03-24 05:17:00',1),(2521,4,119,'REJECTED',0,NULL,'2026-03-24 05:16:32','2026-03-24 05:17:00',1),(2522,4,120,'REJECTED',0,NULL,'2026-03-24 05:16:32','2026-03-24 05:17:00',1),(2523,4,175,'REJECTED',0,NULL,'2026-03-24 05:16:32','2026-03-24 05:16:32',1),(2524,4,176,'REJECTED',0,NULL,'2026-03-24 05:16:32','2026-03-24 05:16:32',1),(2525,4,177,'ACCEPTED',0,NULL,'2026-03-24 05:16:32','2026-03-24 05:16:32',1),(2526,4,178,'REJECTED',0,NULL,'2026-03-24 05:16:32','2026-03-24 05:16:32',1),(2527,4,179,'REJECTED',0,NULL,'2026-03-24 05:16:32','2026-03-24 05:16:32',1),(2528,4,180,'REJECTED',0,NULL,'2026-03-24 05:16:32','2026-03-24 05:16:32',1),(2529,4,181,'REJECTED',0,NULL,'2026-03-24 05:16:32','2026-03-24 05:16:32',1),(2530,4,182,'REJECTED',0,NULL,'2026-03-24 05:16:32','2026-03-24 05:16:32',1),(2531,4,183,'REJECTED',0,NULL,'2026-03-24 05:16:32','2026-03-24 05:16:32',1),(2532,4,184,'REJECTED',0,NULL,'2026-03-24 05:16:32','2026-03-24 05:16:32',1),(2533,4,185,'REJECTED',0,NULL,'2026-03-24 05:16:32','2026-03-24 05:16:32',1),(2534,4,186,'REJECTED',0,NULL,'2026-03-24 05:16:32','2026-03-24 05:16:32',1),(2535,4,187,'REJECTED',0,NULL,'2026-03-24 05:16:32','2026-03-24 05:16:32',1),(2536,4,188,'REJECTED',0,NULL,'2026-03-24 05:16:32','2026-03-24 05:16:32',1),(2537,4,189,'REJECTED',0,NULL,'2026-03-24 05:16:32','2026-03-24 05:16:32',1),(2538,4,190,'REJECTED',0,NULL,'2026-03-24 05:16:32','2026-03-24 05:16:32',1),(2539,4,191,'REJECTED',0,NULL,'2026-03-24 05:16:32','2026-03-24 05:16:32',1),(2540,4,192,'REJECTED',0,NULL,'2026-03-24 05:16:32','2026-03-24 05:16:32',1),(2541,4,193,'REJECTED',0,NULL,'2026-03-24 05:16:32','2026-03-24 05:16:32',1),(2542,4,194,'REJECTED',0,NULL,'2026-03-24 05:16:32','2026-03-24 05:16:32',1),(2543,4,195,'REJECTED',0,NULL,'2026-03-24 05:16:32','2026-03-24 05:16:32',1),(2544,4,196,'REJECTED',0,NULL,'2026-03-24 05:16:32','2026-03-24 05:16:32',1),(2545,4,197,'REJECTED',0,NULL,'2026-03-24 05:16:32','2026-03-24 05:16:32',1),(2546,4,198,'REJECTED',0,NULL,'2026-03-24 05:16:32','2026-03-24 05:16:32',1),(2547,4,199,'REJECTED',0,NULL,'2026-03-24 05:16:32','2026-03-24 05:16:32',1),(2548,4,200,'REJECTED',0,NULL,'2026-03-24 05:16:32','2026-03-24 05:16:32',1),(2549,4,201,'REJECTED',0,NULL,'2026-03-24 05:16:32','2026-03-24 05:16:32',1),(2550,4,202,'REJECTED',0,NULL,'2026-03-24 05:16:32','2026-03-24 05:16:32',1),(2551,4,203,'REJECTED',0,NULL,'2026-03-24 05:16:32','2026-03-24 05:16:32',1),(2552,4,204,'REJECTED',0,NULL,'2026-03-24 05:16:32','2026-03-24 05:16:32',1),(2553,4,205,'REJECTED',0,NULL,'2026-03-24 05:16:32','2026-03-24 05:16:32',1),(2554,4,206,'REJECTED',0,NULL,'2026-03-24 05:16:32','2026-03-24 05:16:32',1),(2555,4,207,'REJECTED',0,NULL,'2026-03-24 05:16:32','2026-03-24 05:16:32',1),(2556,4,250,'PENDING',0,NULL,'2026-03-24 05:16:32','2026-03-24 05:16:32',1),(2557,4,251,'PENDING',0,NULL,'2026-03-24 05:16:32','2026-03-24 05:16:32',1),(2558,4,252,'PENDING',0,NULL,'2026-03-24 05:16:32','2026-03-24 05:16:32',1),(2559,4,253,'PENDING',0,NULL,'2026-03-24 05:16:32','2026-03-24 05:16:32',1),(2560,4,254,'PENDING',0,NULL,'2026-03-24 05:16:32','2026-03-24 05:16:32',1),(2561,4,255,'PENDING',0,NULL,'2026-03-24 05:16:32','2026-03-24 05:16:32',1),(2562,4,256,'PENDING',0,NULL,'2026-03-24 05:16:32','2026-03-24 05:16:32',1),(2563,4,257,'PENDING',0,NULL,'2026-03-24 05:16:32','2026-03-24 05:16:32',1),(2564,4,258,'PENDING',0,NULL,'2026-03-24 05:16:32','2026-03-24 05:16:32',1),(2565,4,259,'PENDING',0,NULL,'2026-03-24 05:16:32','2026-03-24 05:16:32',1),(2566,4,260,'PENDING',0,NULL,'2026-03-24 05:16:32','2026-03-24 05:16:32',1),(2567,4,261,'PENDING',0,NULL,'2026-03-24 05:16:32','2026-03-24 05:16:32',1),(2568,4,262,'PENDING',0,NULL,'2026-03-24 05:16:32','2026-03-24 05:16:32',1),(2569,4,263,'PENDING',0,NULL,'2026-03-24 05:16:32','2026-03-24 05:16:32',1),(2570,4,264,'PENDING',0,NULL,'2026-03-24 05:16:32','2026-03-24 05:16:32',1),(2571,4,265,'PENDING',0,NULL,'2026-03-24 05:16:32','2026-03-24 05:16:32',1),(2572,4,266,'PENDING',0,NULL,'2026-03-24 05:16:32','2026-03-24 05:16:32',1),(2573,4,267,'PENDING',0,NULL,'2026-03-24 05:16:32','2026-03-24 05:16:32',1),(2574,4,268,'PENDING',0,NULL,'2026-03-24 05:16:32','2026-03-24 05:16:32',1),(2575,4,269,'PENDING',0,NULL,'2026-03-24 05:16:32','2026-03-24 05:16:32',1),(2576,4,270,'PENDING',0,NULL,'2026-03-24 05:16:32','2026-03-24 05:16:32',1),(2577,4,271,'PENDING',0,NULL,'2026-03-24 05:16:32','2026-03-24 05:16:32',1),(2578,4,272,'PENDING',0,NULL,'2026-03-24 05:16:32','2026-03-24 05:16:32',1),(2579,4,273,'PENDING',0,NULL,'2026-03-24 05:16:32','2026-03-24 05:16:32',1),(2580,4,274,'PENDING',0,NULL,'2026-03-24 05:16:32','2026-03-24 05:16:32',1),(2581,4,275,'PENDING',0,NULL,'2026-03-24 05:16:32','2026-03-24 05:16:32',1),(2582,4,276,'PENDING',0,NULL,'2026-03-24 05:16:32','2026-03-24 05:16:32',1),(2583,4,277,'PENDING',0,NULL,'2026-03-24 05:16:32','2026-03-24 05:16:32',1),(2584,4,278,'PENDING',0,NULL,'2026-03-24 05:16:32','2026-03-24 05:16:32',1),(2585,4,279,'PENDING',0,NULL,'2026-03-24 05:16:32','2026-03-24 05:16:32',1),(2586,4,280,'PENDING',0,NULL,'2026-03-24 05:16:32','2026-03-24 05:16:32',1),(2587,4,281,'PENDING',0,NULL,'2026-03-24 05:16:32','2026-03-24 05:16:32',1),(2588,4,282,'PENDING',0,NULL,'2026-03-24 05:16:32','2026-03-24 05:16:32',1),(2589,4,283,'PENDING',0,NULL,'2026-03-24 05:16:32','2026-03-24 05:16:32',1),(2590,4,284,'PENDING',0,NULL,'2026-03-24 05:16:32','2026-03-24 05:16:32',1),(2591,4,285,'PENDING',0,NULL,'2026-03-24 05:16:32','2026-03-24 05:16:32',1),(2592,4,286,'PENDING',0,NULL,'2026-03-24 05:16:32','2026-03-24 05:16:32',1),(2593,4,287,'PENDING',0,NULL,'2026-03-24 05:16:32','2026-03-24 05:16:32',1),(2594,4,288,'PENDING',0,NULL,'2026-03-24 05:16:32','2026-03-24 05:16:32',1),(2595,4,289,'PENDING',0,NULL,'2026-03-24 05:16:32','2026-03-24 05:16:32',1),(2596,4,290,'PENDING',0,NULL,'2026-03-24 05:16:32','2026-03-24 05:16:32',1),(2597,4,291,'PENDING',0,NULL,'2026-03-24 05:16:32','2026-03-24 05:16:32',1),(2598,4,292,'PENDING',0,NULL,'2026-03-24 05:16:32','2026-03-24 05:16:32',1),(2599,4,293,'PENDING',0,NULL,'2026-03-24 05:16:32','2026-03-24 05:16:32',1),(2600,4,294,'PENDING',0,NULL,'2026-03-24 05:16:32','2026-03-24 05:16:32',1),(2601,4,295,'PENDING',0,NULL,'2026-03-24 05:16:32','2026-03-24 05:16:32',1),(2602,4,296,'PENDING',0,NULL,'2026-03-24 05:16:32','2026-03-24 05:16:32',1),(2603,4,297,'PENDING',0,NULL,'2026-03-24 05:16:32','2026-03-24 05:16:32',1),(2604,4,298,'PENDING',0,NULL,'2026-03-24 05:16:32','2026-03-24 05:16:32',1),(2605,4,299,'PENDING',0,NULL,'2026-03-24 05:16:32','2026-03-24 05:16:32',1),(2606,4,300,'PENDING',0,NULL,'2026-03-24 05:16:32','2026-03-24 05:16:32',1),(2607,4,301,'PENDING',0,NULL,'2026-03-24 05:16:32','2026-03-24 05:16:32',1),(2608,4,302,'PENDING',0,NULL,'2026-03-24 05:16:32','2026-03-24 05:16:32',1),(2609,4,303,'PENDING',0,NULL,'2026-03-24 05:16:32','2026-03-24 05:16:32',1),(2610,4,304,'PENDING',0,NULL,'2026-03-24 05:16:32','2026-03-24 05:16:32',1),(2611,4,305,'PENDING',0,NULL,'2026-03-24 05:16:32','2026-03-24 05:16:32',1),(2612,4,306,'PENDING',0,NULL,'2026-03-24 05:16:32','2026-03-24 05:16:32',1),(2613,4,307,'PENDING',0,NULL,'2026-03-24 05:16:32','2026-03-24 05:16:32',1),(2614,4,308,'PENDING',0,NULL,'2026-03-24 05:16:32','2026-03-24 05:16:32',1),(2615,4,399,'REJECTED',0,NULL,'2026-03-24 05:16:32','2026-03-24 05:17:07',1),(2616,4,508,'ACCEPTED',0,NULL,'2026-03-24 05:16:32','2026-03-24 05:16:32',1),(2617,4,509,'ACCEPTED',0,NULL,'2026-03-24 05:16:32','2026-03-24 05:16:32',1),(2618,4,510,'ACCEPTED',0,NULL,'2026-03-24 05:16:32','2026-03-24 05:16:32',1),(2619,4,511,'ACCEPTED',0,NULL,'2026-03-24 05:16:32','2026-03-24 05:16:32',1),(2620,4,512,'ACCEPTED',0,NULL,'2026-03-24 05:16:32','2026-03-24 05:16:32',1),(2621,4,513,'ACCEPTED',0,NULL,'2026-03-24 05:16:32','2026-03-24 05:16:32',1),(2622,4,813,'REJECTED',0,NULL,'2026-03-24 05:16:32','2026-03-24 05:17:07',1),(2623,4,814,'REJECTED',0,NULL,'2026-03-24 05:16:32','2026-03-24 05:17:07',1),(2624,4,815,'REJECTED',0,NULL,'2026-03-24 05:16:32','2026-03-24 05:17:07',1),(2625,4,816,'REJECTED',0,NULL,'2026-03-24 05:16:32','2026-03-24 05:17:07',1),(2626,4,817,'REJECTED',0,NULL,'2026-03-24 05:16:32','2026-03-24 05:17:07',1),(2627,4,818,'REJECTED',0,NULL,'2026-03-24 05:16:32','2026-03-24 05:17:07',1),(2628,4,819,'REJECTED',0,NULL,'2026-03-24 05:16:32','2026-03-24 05:17:07',1),(2629,4,820,'REJECTED',0,NULL,'2026-03-24 05:16:32','2026-03-24 05:17:07',1),(2630,4,821,'REJECTED',0,NULL,'2026-03-24 05:16:32','2026-03-24 05:17:07',1),(2631,4,822,'REJECTED',0,NULL,'2026-03-24 05:16:32','2026-03-24 05:17:07',1),(2632,4,823,'REJECTED',0,NULL,'2026-03-24 05:16:32','2026-03-24 05:17:07',1),(2633,4,824,'REJECTED',0,NULL,'2026-03-24 05:16:32','2026-03-24 05:17:07',1),(2634,4,825,'REJECTED',0,NULL,'2026-03-24 05:16:32','2026-03-24 05:17:07',1),(2635,4,826,'REJECTED',0,NULL,'2026-03-24 05:16:32','2026-03-24 05:17:07',1),(2636,4,827,'REJECTED',0,NULL,'2026-03-24 05:16:32','2026-03-24 05:17:07',1),(2637,4,828,'REJECTED',0,NULL,'2026-03-24 05:16:32','2026-03-24 05:17:07',1),(2638,4,829,'ACCEPTED',0,NULL,'2026-03-24 05:16:32','2026-03-24 05:17:07',1),(2639,4,830,'REJECTED',0,NULL,'2026-03-24 05:16:32','2026-03-24 05:17:07',1),(2640,4,831,'REJECTED',0,NULL,'2026-03-24 05:16:32','2026-03-24 05:17:07',1),(2641,4,832,'REJECTED',0,NULL,'2026-03-24 05:16:32','2026-03-24 05:17:07',1),(2642,4,833,'REJECTED',0,NULL,'2026-03-24 05:16:32','2026-03-24 05:17:07',1),(2643,4,834,'REJECTED',0,NULL,'2026-03-24 05:16:32','2026-03-24 05:17:07',1),(2644,4,835,'REJECTED',0,NULL,'2026-03-24 05:16:32','2026-03-24 05:17:07',1),(2645,4,836,'REJECTED',0,NULL,'2026-03-24 05:16:32','2026-03-24 05:17:07',1),(2646,4,837,'REJECTED',0,NULL,'2026-03-24 05:16:32','2026-03-24 05:17:07',1),(3333,3,499,'ACCEPTED',0,'','2026-03-24 05:22:06','2026-03-24 05:22:06',0),(3334,3,500,'ACCEPTED',0,'','2026-03-24 05:22:06','2026-03-24 05:22:06',0),(3335,3,501,'ACCEPTED',0,'','2026-03-24 05:22:06','2026-03-24 05:22:06',0),(3336,3,399,'ACCEPTED',0,'','2026-03-24 05:22:06','2026-03-24 05:22:06',0),(3337,3,813,'REJECTED',0,'','2026-03-24 05:22:06','2026-03-24 05:22:06',0),(3338,3,814,'REJECTED',0,'','2026-03-24 05:22:06','2026-03-24 05:22:06',0),(3339,3,815,'REJECTED',0,'','2026-03-24 05:22:06','2026-03-24 05:22:06',0),(3340,3,816,'REJECTED',0,'','2026-03-24 05:22:06','2026-03-24 05:22:06',0),(3341,3,817,'REJECTED',0,'','2026-03-24 05:22:06','2026-03-24 05:22:06',0),(3342,3,818,'REJECTED',0,'','2026-03-24 05:22:06','2026-03-24 05:22:06',0),(3343,3,819,'REJECTED',0,'','2026-03-24 05:22:06','2026-03-24 05:22:06',0),(3344,3,820,'REJECTED',0,'','2026-03-24 05:22:06','2026-03-24 05:22:06',0),(3345,3,821,'REJECTED',0,'','2026-03-24 05:22:06','2026-03-24 05:22:06',0),(3346,3,822,'REJECTED',0,'','2026-03-24 05:22:06','2026-03-24 05:22:06',0),(3347,3,823,'REJECTED',0,'','2026-03-24 05:22:06','2026-03-24 05:22:06',0),(3348,3,824,'REJECTED',0,'','2026-03-24 05:22:06','2026-03-24 05:22:06',0),(3349,3,825,'REJECTED',0,'','2026-03-24 05:22:06','2026-03-24 05:22:06',0),(3350,3,826,'REJECTED',0,'','2026-03-24 05:22:06','2026-03-24 05:22:06',0),(3351,3,827,'REJECTED',0,'','2026-03-24 05:22:06','2026-03-24 05:22:06',0),(3352,3,828,'REJECTED',0,'','2026-03-24 05:22:06','2026-03-24 05:22:06',0),(3353,3,829,'REJECTED',0,'','2026-03-24 05:22:06','2026-03-24 05:22:06',0),(3354,3,830,'REJECTED',0,'','2026-03-24 05:22:06','2026-03-24 05:22:06',0),(3355,3,831,'REJECTED',0,'','2026-03-24 05:22:06','2026-03-24 05:22:06',0),(3356,3,832,'REJECTED',0,'','2026-03-24 05:22:06','2026-03-24 05:22:06',0),(3357,3,833,'REJECTED',0,'','2026-03-24 05:22:06','2026-03-24 05:22:06',0),(3358,3,834,'REJECTED',0,'','2026-03-24 05:22:06','2026-03-24 05:22:06',0),(3359,3,835,'REJECTED',0,'','2026-03-24 05:22:06','2026-03-24 05:22:06',0),(3360,3,836,'REJECTED',0,'','2026-03-24 05:22:06','2026-03-24 05:22:06',0),(3361,3,837,'REJECTED',0,'','2026-03-24 05:22:06','2026-03-24 05:22:06',0),(3362,3,250,'REJECTED',0,'','2026-03-24 05:22:06','2026-03-24 05:22:06',0),(3363,3,252,'REJECTED',0,'','2026-03-24 05:22:06','2026-03-24 05:22:06',0),(3364,3,251,'REJECTED',0,'','2026-03-24 05:22:06','2026-03-24 05:22:06',0),(3365,3,255,'REJECTED',0,'','2026-03-24 05:22:06','2026-03-24 05:22:06',0),(3366,3,253,'REJECTED',0,'','2026-03-24 05:22:06','2026-03-24 05:22:06',0),(3367,3,258,'REJECTED',0,'','2026-03-24 05:22:06','2026-03-24 05:22:06',0),(3368,3,257,'REJECTED',0,'','2026-03-24 05:22:06','2026-03-24 05:22:06',0),(3369,3,259,'REJECTED',0,'','2026-03-24 05:22:06','2026-03-24 05:22:06',0),(3370,3,261,'REJECTED',0,'','2026-03-24 05:22:06','2026-03-24 05:22:06',0),(3371,3,260,'REJECTED',0,'','2026-03-24 05:22:06','2026-03-24 05:22:06',0),(3372,3,263,'REJECTED',0,'','2026-03-24 05:22:06','2026-03-24 05:22:06',0),(3373,3,262,'REJECTED',0,'','2026-03-24 05:22:06','2026-03-24 05:22:06',0),(3374,3,265,'REJECTED',0,'','2026-03-24 05:22:06','2026-03-24 05:22:06',0),(3375,3,264,'REJECTED',0,'','2026-03-24 05:22:06','2026-03-24 05:22:06',0),(3376,3,267,'REJECTED',0,'','2026-03-24 05:22:06','2026-03-24 05:22:06',0),(3377,3,266,'REJECTED',0,'','2026-03-24 05:22:06','2026-03-24 05:22:06',0),(3378,3,269,'REJECTED',0,'','2026-03-24 05:22:06','2026-03-24 05:22:06',0),(3379,3,268,'REJECTED',0,'','2026-03-24 05:22:06','2026-03-24 05:22:06',0),(3380,3,271,'REJECTED',0,'','2026-03-24 05:22:06','2026-03-24 05:22:06',0),(3381,3,270,'REJECTED',0,'','2026-03-24 05:22:06','2026-03-24 05:22:06',0),(3382,3,272,'REJECTED',0,'','2026-03-24 05:22:06','2026-03-24 05:22:06',0),(3383,3,274,'REJECTED',0,'','2026-03-24 05:22:06','2026-03-24 05:22:06',0),(3384,3,273,'REJECTED',0,'','2026-03-24 05:22:06','2026-03-24 05:22:06',0),(3385,3,276,'REJECTED',0,'','2026-03-24 05:22:06','2026-03-24 05:22:06',0),(3386,3,275,'REJECTED',0,'','2026-03-24 05:22:06','2026-03-24 05:22:06',0),(3387,3,282,'REJECTED',0,'','2026-03-24 05:22:06','2026-03-24 05:22:06',0),(3388,3,281,'REJECTED',0,'','2026-03-24 05:22:06','2026-03-24 05:22:06',0),(3389,3,284,'REJECTED',0,'','2026-03-24 05:22:06','2026-03-24 05:22:06',0),(3390,3,283,'REJECTED',0,'','2026-03-24 05:22:06','2026-03-24 05:22:06',0),(3391,3,285,'REJECTED',0,'','2026-03-24 05:22:06','2026-03-24 05:22:06',0),(3392,3,286,'REJECTED',0,'','2026-03-24 05:22:06','2026-03-24 05:22:06',0),(3393,3,288,'REJECTED',0,'','2026-03-24 05:22:06','2026-03-24 05:22:06',0),(3394,3,287,'REJECTED',0,'','2026-03-24 05:22:06','2026-03-24 05:22:06',0),(3395,3,289,'REJECTED',0,'','2026-03-24 05:22:06','2026-03-24 05:22:06',0),(3396,3,290,'REJECTED',0,'','2026-03-24 05:22:06','2026-03-24 05:22:06',0),(3397,3,291,'REJECTED',0,'','2026-03-24 05:22:06','2026-03-24 05:22:06',0),(3398,3,293,'ACCEPTED',0,'','2026-03-24 05:22:06','2026-03-24 05:22:06',0),(3399,3,292,'ACCEPTED',0,'','2026-03-24 05:22:06','2026-03-24 05:22:06',0),(3400,3,295,'REJECTED',0,'','2026-03-24 05:22:06','2026-03-24 05:22:06',0),(3401,3,294,'REJECTED',0,'','2026-03-24 05:22:06','2026-03-24 05:22:06',0),(3402,3,297,'REJECTED',0,'','2026-03-24 05:22:06','2026-03-24 05:22:06',0),(3403,3,296,'REJECTED',0,'','2026-03-24 05:22:06','2026-03-24 05:22:06',0),(3404,3,299,'REJECTED',0,'','2026-03-24 05:22:06','2026-03-24 05:22:06',0),(3405,3,298,'REJECTED',0,'','2026-03-24 05:22:06','2026-03-24 05:22:06',0),(3406,3,301,'REJECTED',0,'','2026-03-24 05:22:06','2026-03-24 05:22:06',0),(3407,3,300,'REJECTED',0,'','2026-03-24 05:22:06','2026-03-24 05:22:06',0),(3408,3,303,'REJECTED',0,'','2026-03-24 05:22:06','2026-03-24 05:22:06',0),(3409,3,302,'REJECTED',0,'','2026-03-24 05:22:06','2026-03-24 05:22:06',0),(3410,3,278,'REJECTED',0,'','2026-03-24 05:22:06','2026-03-24 05:22:06',0),(3411,3,280,'REJECTED',0,'','2026-03-24 05:22:06','2026-03-24 05:22:06',0),(3412,3,277,'REJECTED',0,'','2026-03-24 05:22:06','2026-03-24 05:22:06',0),(3413,3,279,'REJECTED',0,'','2026-03-24 05:22:06','2026-03-24 05:22:06',0),(3414,3,305,'REJECTED',0,'','2026-03-24 05:22:06','2026-03-24 05:22:06',0),(3415,3,304,'REJECTED',0,'','2026-03-24 05:22:06','2026-03-24 05:22:06',0),(3416,3,307,'REJECTED',0,'','2026-03-24 05:22:06','2026-03-24 05:22:06',0),(3417,3,306,'REJECTED',0,'','2026-03-24 05:22:06','2026-03-24 05:22:06',0),(3418,3,308,'REJECTED',0,'','2026-03-24 05:22:06','2026-03-24 05:22:06',0),(3419,3,256,'REJECTED',0,'','2026-03-24 05:22:06','2026-03-24 05:22:06',0),(3420,3,254,'REJECTED',0,'','2026-03-24 05:22:06','2026-03-24 05:22:06',0),(3421,3,75,'REJECTED',0,'','2026-03-24 05:22:06','2026-03-24 05:22:06',0),(3422,3,74,'REJECTED',0,'','2026-03-24 05:22:06','2026-03-24 05:22:06',0),(3423,3,77,'REJECTED',0,'','2026-03-24 05:22:06','2026-03-24 05:22:06',0),(3424,3,76,'REJECTED',0,'','2026-03-24 05:22:06','2026-03-24 05:22:06',0),(3425,3,78,'REJECTED',0,'','2026-03-24 05:22:06','2026-03-24 05:22:06',0),(3426,3,80,'ACCEPTED',0,'','2026-03-24 05:22:06','2026-03-24 05:22:06',0),(3427,3,79,'ACCEPTED',0,'','2026-03-24 05:22:06','2026-03-24 05:22:06',0),(3428,3,82,'REJECTED',0,'','2026-03-24 05:22:06','2026-03-24 05:22:06',0),(3429,3,81,'REJECTED',0,'','2026-03-24 05:22:06','2026-03-24 05:22:06',0),(3430,3,84,'REJECTED',0,'','2026-03-24 05:22:06','2026-03-24 05:22:06',0),(3431,3,83,'REJECTED',0,'','2026-03-24 05:22:06','2026-03-24 05:22:06',0),(3432,3,86,'REJECTED',0,'','2026-03-24 05:22:06','2026-03-24 05:22:06',0),(3433,3,85,'REJECTED',0,'','2026-03-24 05:22:06','2026-03-24 05:22:06',0),(3434,3,87,'REJECTED',0,'','2026-03-24 05:22:06','2026-03-24 05:22:06',0),(3435,3,88,'REJECTED',0,'','2026-03-24 05:22:06','2026-03-24 05:22:06',0),(3436,3,89,'REJECTED',0,'','2026-03-24 05:22:06','2026-03-24 05:22:06',0),(3437,3,90,'REJECTED',0,'','2026-03-24 05:22:06','2026-03-24 05:22:06',0),(3438,3,92,'REJECTED',0,'','2026-03-24 05:22:06','2026-03-24 05:22:06',0),(3439,3,91,'REJECTED',0,'','2026-03-24 05:22:06','2026-03-24 05:22:06',0),(3440,3,94,'REJECTED',0,'','2026-03-24 05:22:06','2026-03-24 05:22:06',0),(3441,3,93,'REJECTED',0,'','2026-03-24 05:22:06','2026-03-24 05:22:06',0),(3442,3,95,'REJECTED',0,'','2026-03-24 05:22:06','2026-03-24 05:22:06',0),(3443,3,96,'REJECTED',0,'','2026-03-24 05:22:06','2026-03-24 05:22:06',0),(3444,3,97,'REJECTED',0,'','2026-03-24 05:22:06','2026-03-24 05:22:06',0),(3445,3,99,'REJECTED',0,'','2026-03-24 05:22:06','2026-03-24 05:22:06',0),(3446,3,98,'REJECTED',0,'','2026-03-24 05:22:06','2026-03-24 05:22:06',0),(3447,3,101,'REJECTED',0,'','2026-03-24 05:22:06','2026-03-24 05:22:06',0),(3448,3,100,'REJECTED',0,'','2026-03-24 05:22:06','2026-03-24 05:22:06',0),(3449,3,102,'REJECTED',0,'','2026-03-24 05:22:06','2026-03-24 05:22:06',0),(3450,3,104,'REJECTED',0,'','2026-03-24 05:22:06','2026-03-24 05:22:06',0),(3451,3,103,'REJECTED',0,'','2026-03-24 05:22:06','2026-03-24 05:22:06',0),(3452,3,106,'REJECTED',0,'','2026-03-24 05:22:06','2026-03-24 05:22:06',0),(3453,3,105,'REJECTED',0,'','2026-03-24 05:22:06','2026-03-24 05:22:06',0),(3454,3,107,'REJECTED',0,'','2026-03-24 05:22:06','2026-03-24 05:22:06',0),(3455,3,109,'REJECTED',0,'','2026-03-24 05:22:06','2026-03-24 05:22:06',0),(3456,3,108,'REJECTED',0,'','2026-03-24 05:22:06','2026-03-24 05:22:06',0),(3457,3,110,'REJECTED',0,'','2026-03-24 05:22:06','2026-03-24 05:22:06',0),(3458,3,111,'REJECTED',0,'','2026-03-24 05:22:06','2026-03-24 05:22:06',0),(3459,3,112,'REJECTED',0,'','2026-03-24 05:22:06','2026-03-24 05:22:06',0),(3460,3,113,'REJECTED',0,'','2026-03-24 05:22:06','2026-03-24 05:22:06',0),(3461,3,114,'REJECTED',0,'','2026-03-24 05:22:06','2026-03-24 05:22:06',0),(3462,3,116,'REJECTED',0,'','2026-03-24 05:22:06','2026-03-24 05:22:06',0),(3463,3,115,'REJECTED',0,'','2026-03-24 05:22:06','2026-03-24 05:22:06',0),(3464,3,117,'REJECTED',0,'','2026-03-24 05:22:06','2026-03-24 05:22:06',0),(3465,3,119,'REJECTED',0,'','2026-03-24 05:22:06','2026-03-24 05:22:06',0),(3466,3,118,'REJECTED',0,'','2026-03-24 05:22:06','2026-03-24 05:22:06',0),(3467,3,120,'REJECTED',0,'','2026-03-24 05:22:06','2026-03-24 05:22:06',0),(3468,3,13,'ACCEPTED',0,'','2026-03-24 05:22:06','2026-03-24 05:22:06',0),(3469,3,14,'REJECTED',0,'','2026-03-24 05:22:06','2026-03-24 05:22:06',0),(3470,3,175,'REJECTED',0,'','2026-03-24 05:22:06','2026-03-24 05:22:06',0),(3471,3,176,'REJECTED',0,'','2026-03-24 05:22:06','2026-03-24 05:22:06',0),(3472,3,177,'REJECTED',0,'','2026-03-24 05:22:06','2026-03-24 05:22:06',0),(3473,3,178,'REJECTED',0,'','2026-03-24 05:22:06','2026-03-24 05:22:06',0),(3474,3,179,'REJECTED',0,'','2026-03-24 05:22:06','2026-03-24 05:22:06',0),(3475,3,180,'REJECTED',0,'','2026-03-24 05:22:06','2026-03-24 05:22:06',0),(3476,3,181,'REJECTED',0,'','2026-03-24 05:22:06','2026-03-24 05:22:06',0),(3477,3,182,'ACCEPTED',0,'','2026-03-24 05:22:06','2026-03-24 05:22:06',0),(3478,3,183,'REJECTED',0,'','2026-03-24 05:22:06','2026-03-24 05:22:06',0),(3479,3,184,'REJECTED',0,'','2026-03-24 05:22:06','2026-03-24 05:22:06',0),(3480,3,185,'REJECTED',0,'','2026-03-24 05:22:06','2026-03-24 05:22:06',0),(3481,3,186,'REJECTED',0,'','2026-03-24 05:22:06','2026-03-24 05:22:06',0),(3482,3,187,'REJECTED',0,'','2026-03-24 05:22:06','2026-03-24 05:22:06',0),(3483,3,188,'REJECTED',0,'','2026-03-24 05:22:06','2026-03-24 05:22:06',0),(3484,3,189,'REJECTED',0,'','2026-03-24 05:22:06','2026-03-24 05:22:06',0),(3485,3,190,'REJECTED',0,'','2026-03-24 05:22:06','2026-03-24 05:22:06',0),(3486,3,191,'REJECTED',0,'','2026-03-24 05:22:06','2026-03-24 05:22:06',0),(3487,3,192,'REJECTED',0,'','2026-03-24 05:22:06','2026-03-24 05:22:06',0),(3488,3,193,'REJECTED',0,'','2026-03-24 05:22:06','2026-03-24 05:22:06',0),(3489,3,194,'REJECTED',0,'','2026-03-24 05:22:06','2026-03-24 05:22:06',0),(3490,3,195,'REJECTED',0,'','2026-03-24 05:22:06','2026-03-24 05:22:06',0),(3491,3,196,'REJECTED',0,'','2026-03-24 05:22:06','2026-03-24 05:22:06',0),(3492,3,197,'REJECTED',0,'','2026-03-24 05:22:06','2026-03-24 05:22:06',0),(3493,3,198,'REJECTED',0,'','2026-03-24 05:22:06','2026-03-24 05:22:06',0),(3494,3,199,'REJECTED',0,'','2026-03-24 05:22:06','2026-03-24 05:22:06',0),(3495,3,200,'REJECTED',0,'','2026-03-24 05:22:06','2026-03-24 05:22:06',0),(3496,3,201,'REJECTED',0,'','2026-03-24 05:22:06','2026-03-24 05:22:06',0),(3497,3,202,'REJECTED',0,'','2026-03-24 05:22:06','2026-03-24 05:22:06',0),(3498,3,203,'REJECTED',0,'','2026-03-24 05:22:06','2026-03-24 05:22:06',0),(3499,3,204,'REJECTED',0,'','2026-03-24 05:22:06','2026-03-24 05:22:06',0),(3500,3,205,'REJECTED',0,'','2026-03-24 05:22:06','2026-03-24 05:22:06',0),(3501,3,206,'REJECTED',0,'','2026-03-24 05:22:06','2026-03-24 05:22:06',0),(3502,3,207,'REJECTED',0,'','2026-03-24 05:22:06','2026-03-24 05:22:06',0);
/*!40000 ALTER TABLE `student_subject_enrollment` ENABLE KEYS */;
UNLOCK TABLES;

--
-- Table structure for table `students`
--

DROP TABLE IF EXISTS `students`;
/*!40101 SET @saved_cs_client     = @@character_set_client */;
/*!50503 SET character_set_client = utf8mb4 */;
CREATE TABLE `students` (
  `student_id` int NOT NULL AUTO_INCREMENT,
  `roll_no` varchar(20) NOT NULL,
  `name` varchar(100) NOT NULL,
  `email` varchar(100) NOT NULL,
  `phone` varchar(15) DEFAULT NULL,
  `course` varchar(50) DEFAULT NULL,
  `level_id` int DEFAULT NULL,
  `programme_id` int DEFAULT NULL,
  `faculty_id` int DEFAULT NULL,
  `semester` int DEFAULT NULL,
  `year` int DEFAULT NULL,
  `password` varchar(255) DEFAULT NULL,
  `created_at` timestamp NULL DEFAULT CURRENT_TIMESTAMP,
  `enrollment_submitted` tinyint(1) DEFAULT '0',
  `enrollment_submitted_at` timestamp NULL DEFAULT NULL,
  PRIMARY KEY (`student_id`),
  UNIQUE KEY `roll_no` (`roll_no`),
  UNIQUE KEY `email` (`email`),
  KEY `level_id` (`level_id`),
  KEY `programme_id` (`programme_id`),
  KEY `faculty_id` (`faculty_id`),
  CONSTRAINT `students_ibfk_1` FOREIGN KEY (`level_id`) REFERENCES `levels` (`level_id`),
  CONSTRAINT `students_ibfk_2` FOREIGN KEY (`programme_id`) REFERENCES `programmes` (`programme_id`),
  CONSTRAINT `students_ibfk_3` FOREIGN KEY (`faculty_id`) REFERENCES `faculties` (`faculty_id`)
) ENGINE=InnoDB AUTO_INCREMENT=11 DEFAULT CHARSET=utf8mb4 COLLATE=utf8mb4_0900_ai_ci;
/*!40101 SET character_set_client = @saved_cs_client */;

--
-- Dumping data for table `students`
--

LOCK TABLES `students` WRITE;
/*!40000 ALTER TABLE `students` DISABLE KEYS */;
INSERT INTO `students` VALUES (1,'BCA001','Rahul Sharma','rahul@college.com','9876543210','BCA',1,4,2,1,1,'$2b$10$92IXUNpkjO0rOQ5byMi.Ye4oKoEa3Ro9llC/.og/at2.uheWG/igi','2026-03-19 10:35:42',1,NULL),(2,'BA001','Priya Sharma','priya@college.com','9876543211','B.A',1,1,1,1,1,'$2b$10$92IXUNpkjO0rOQ5byMi.Ye4oKoEa3Ro9llC/.og/at2.uheWG/igi','2026-03-19 14:58:49',1,NULL),(3,'BCO001','Amit Verma','amit@college.com','9876543212','B.Com',1,6,3,1,1,'$2b$10$92IXUNpkjO0rOQ5byMi.Ye4oKoEa3Ro9llC/.og/at2.uheWG/igi','2026-03-19 14:58:49',1,NULL),(4,'BSC001','Rahul Gupta','rahulg@college.com','9876543213','B.Sc Physical Science',1,2,2,1,1,'$2b$10$92IXUNpkjO0rOQ5byMi.Ye4oKoEa3Ro9llC/.og/at2.uheWG/igi','2026-03-19 14:58:49',0,NULL),(5,'BCAAI001','Sneha Patel','sneha@college.com','9876543214','BCA(Artificial Intelligence)',1,5,2,1,1,'$2b$10$92IXUNpkjO0rOQ5byMi.Ye4oKoEa3Ro9llC/.og/at2.uheWG/igi','2026-03-19 14:58:49',0,NULL),(6,'MCOM001','Deepak Singh','deepak@college.com','9876543215','M.Com',2,13,3,2,1,'$2b$10$92IXUNpkjO0rOQ5byMi.Ye4oKoEa3Ro9llC/.og/at2.uheWG/igi','2026-03-19 14:58:49',1,NULL),(7,'MCOM002','Anjali Mehta','anjali@college.com','9876543220','M.Com',2,13,3,2,1,'$2a$12$e5R9atuyIfUzYKRb34ekMOXkprCsXNEduV0uIifAd/7EI6KUPak/2','2026-03-23 09:53:42',0,NULL),(8,'MCOM003','Rohit Sharma','rohit@college.com','9876543221','M.Com',2,13,3,3,2,'$2a$12$e5R9atuyIfUzYKRb34ekMOXkprCsXNEduV0uIifAd/7EI6KUPak/2','2026-03-23 09:53:42',0,NULL),(9,'MCOM004','Priya Kapoor','priya2@college.com','9876543222','M.Com',2,13,3,4,2,'$2a$12$e5R9atuyIfUzYKRb34ekMOXkprCsXNEduV0uIifAd/7EI6KUPak/2','2026-03-23 09:53:42',1,NULL),(10,'MCOM005','Ram','ram@college.com','9898989898','M.Com',2,13,3,1,2,'$2a$12$e5R9atuyIfUzYKRb34ekMOXkprCsXNEduV0uIifAd/7EI6KUPak/2','2026-03-23 11:57:30',0,NULL);
/*!40000 ALTER TABLE `students` ENABLE KEYS */;
UNLOCK TABLES;

--
-- Table structure for table `subject_teachers`
--

DROP TABLE IF EXISTS `subject_teachers`;
/*!40101 SET @saved_cs_client     = @@character_set_client */;
/*!50503 SET character_set_client = utf8mb4 */;
CREATE TABLE `subject_teachers` (
  `id` int NOT NULL AUTO_INCREMENT,
  `subject_id` int NOT NULL,
  `teacher_id` int NOT NULL,
  `section` varchar(20) DEFAULT 'A',
  `programme_id` int DEFAULT NULL,
  `class_name` varchar(50) DEFAULT NULL,
  PRIMARY KEY (`id`),
  UNIQUE KEY `uq_subject_teacher_section` (`subject_id`,`teacher_id`,`section`,`programme_id`),
  KEY `teacher_id` (`teacher_id`),
  CONSTRAINT `subject_teachers_ibfk_1` FOREIGN KEY (`subject_id`) REFERENCES `subjects` (`subject_id`) ON DELETE CASCADE,
  CONSTRAINT `subject_teachers_ibfk_2` FOREIGN KEY (`teacher_id`) REFERENCES `teachers` (`teacher_id`) ON DELETE CASCADE
) ENGINE=InnoDB AUTO_INCREMENT=19 DEFAULT CHARSET=utf8mb4 COLLATE=utf8mb4_0900_ai_ci;
/*!40101 SET character_set_client = @saved_cs_client */;

--
-- Dumping data for table `subject_teachers`
--

LOCK TABLES `subject_teachers` WRITE;
/*!40000 ALTER TABLE `subject_teachers` DISABLE KEYS */;
INSERT INTO `subject_teachers` VALUES (7,254,1,'A',NULL,NULL),(8,294,2,'A',NULL,NULL),(18,399,1,'A',NULL,NULL);
/*!40000 ALTER TABLE `subject_teachers` ENABLE KEYS */;
UNLOCK TABLES;

--
-- Table structure for table `subjects`
--

DROP TABLE IF EXISTS `subjects`;
/*!40101 SET @saved_cs_client     = @@character_set_client */;
/*!50503 SET character_set_client = utf8mb4 */;
CREATE TABLE `subjects` (
  `subject_id` int NOT NULL AUTO_INCREMENT,
  `subject_code` varchar(20) NOT NULL,
  `subject_name` varchar(100) NOT NULL,
  `category` enum('MAJOR','MINOR','VAC','SEC','MDC','AEC','DSC','MIC','SEMINAR','OEC','ELECTIVE','ELECTIVE_FINANCE','ELECTIVE_HR','ELECTIVE_MARKETING','INTERNSHIP','EEC','VOC','DSC_ELECTIVE','DSC_PRACTICUM') NOT NULL,
  `semester` int DEFAULT NULL,
  `credits` int DEFAULT NULL,
  `internal_marks` int DEFAULT '0',
  `teacher_id` int DEFAULT NULL,
  `level_id` int DEFAULT NULL,
  `programme_id` int DEFAULT NULL,
  `faculty_id` int DEFAULT NULL,
  `discipline_id` int DEFAULT NULL,
  `is_common` tinyint(1) DEFAULT '0',
  PRIMARY KEY (`subject_id`),
  UNIQUE KEY `subject_code_semester` (`subject_code`,`semester`),
  KEY `teacher_id` (`teacher_id`),
  KEY `level_id` (`level_id`),
  KEY `programme_id` (`programme_id`),
  KEY `faculty_id` (`faculty_id`),
  KEY `discipline_id` (`discipline_id`),
  CONSTRAINT `subjects_ibfk_1` FOREIGN KEY (`teacher_id`) REFERENCES `teachers` (`teacher_id`),
  CONSTRAINT `subjects_ibfk_2` FOREIGN KEY (`level_id`) REFERENCES `levels` (`level_id`),
  CONSTRAINT `subjects_ibfk_3` FOREIGN KEY (`programme_id`) REFERENCES `programmes` (`programme_id`),
  CONSTRAINT `subjects_ibfk_4` FOREIGN KEY (`faculty_id`) REFERENCES `faculties` (`faculty_id`),
  CONSTRAINT `subjects_ibfk_5` FOREIGN KEY (`discipline_id`) REFERENCES `disciplines` (`discipline_id`)
) ENGINE=InnoDB AUTO_INCREMENT=1454 DEFAULT CHARSET=utf8mb4 COLLATE=utf8mb4_0900_ai_ci;
/*!40101 SET character_set_client = @saved_cs_client */;

--
-- Dumping data for table `subjects`
--

LOCK TABLES `subjects` WRITE;
/*!40000 ALTER TABLE `subjects` DISABLE KEYS */;
INSERT INTO `subjects` VALUES (1,'C24CAP101T','Computer Fundamental and Problem solving through C','MAJOR',1,3,20,NULL,1,4,2,13,0),(2,'C24CAP101P','Computer Fundamental and Problem solving through C Lab','MAJOR',1,1,10,NULL,1,4,2,13,0),(3,'C24CAP102T','Logical Organization of Computer','MAJOR',1,3,20,NULL,1,4,2,13,0),(4,'C24CAP102P','Logical Organization of Computer Lab','MAJOR',1,1,10,NULL,1,4,2,13,0),(5,'C24CAP103T','Introduction to Web Technologies','MAJOR',1,3,20,NULL,1,4,2,13,0),(6,'C24CAP103P','Introduction to Web Technologies Lab','MAJOR',1,1,10,NULL,1,4,2,13,0),(13,'C24AEC101T','English Language and Communication Skills: Level 1','AEC',1,2,15,NULL,1,NULL,NULL,1,1),(14,'C24AEC102T','Hindi Bhasha Evam Sampreshan-1','AEC',1,2,15,NULL,1,NULL,NULL,2,1),(15,'C24AEC201T','English Language and Communication Skills: Level 2','AEC',2,2,15,NULL,1,NULL,NULL,1,1),(16,'C24AEC202T','Hindi Bhasha Evam Sampreshan-2','AEC',2,2,15,NULL,1,NULL,NULL,2,1),(17,'C24AEC301T','English Language and Communication Skills: Level 2','AEC',3,2,15,NULL,1,NULL,NULL,1,1),(18,'C24AEC302T','Hindi Bhasha Evam Sampreshan-2','AEC',3,2,15,NULL,1,NULL,NULL,2,1),(19,'C24AEC303T','Sanskrit Sahitye — Geetanjali','AEC',3,2,15,NULL,1,NULL,NULL,10,1),(20,'C24AEC304T','Angreji-Bhashantaram','AEC',3,2,15,NULL,1,NULL,NULL,10,1),(21,'C24AEC305T','Foreign Language or any other Language','AEC',3,2,15,NULL,1,NULL,NULL,26,1),(22,'C24AEC401T','English Language and Communication Skills: Level 2','AEC',4,2,15,NULL,1,NULL,NULL,1,1),(23,'C24AEC402T','Hindi Bhasha Evam Sampreshan-2','AEC',4,2,15,NULL,1,NULL,NULL,2,1),(24,'C24AEC403T','Sanskrit Sahitye — Geetanjali','AEC',4,2,15,NULL,1,NULL,NULL,10,1),(25,'C24AEC404T','Angreji-Bhashantaram','AEC',4,2,15,NULL,1,NULL,NULL,10,1),(26,'C24AEC405T','Foreign Language or any other Language','AEC',4,2,15,NULL,1,NULL,NULL,26,1),(74,'C24MDC101T','Applied Biology-I','MDC',1,2,15,NULL,1,NULL,NULL,20,1),(75,'C24MDC101P','Applied Biology-I Lab','MDC',1,1,10,NULL,1,NULL,NULL,20,1),(76,'C24MDC102T','Basics of Botany','MDC',1,2,15,NULL,1,NULL,NULL,17,1),(77,'C24MDC102P','Basics of Botany Lab','MDC',1,1,10,NULL,1,NULL,NULL,17,1),(78,'C24MDC103T','E-Commerce','MDC',1,3,25,NULL,1,NULL,NULL,27,1),(79,'C24MDC104T','Chemistry of Oils and Dyes','MDC',1,2,15,NULL,1,NULL,NULL,16,1),(80,'C24MDC104P','Chemistry of Oils and Dyes Lab','MDC',1,1,10,NULL,1,NULL,NULL,16,1),(81,'C24MDC105T','Information Technology','MDC',1,2,15,NULL,1,NULL,NULL,13,1),(82,'C24MDC105P','Information Technology Lab','MDC',1,1,10,NULL,1,NULL,NULL,13,1),(83,'C24MDC106T','Fundamentals of Banking','MDC',1,2,15,NULL,1,NULL,NULL,22,1),(84,'C24MDC106P','Fundamentals of Banking Lab','MDC',1,1,10,NULL,1,NULL,NULL,22,1),(85,'C24MDC107T','Basics of Fine Arts-I','MDC',1,2,15,NULL,1,NULL,NULL,28,1),(86,'C24MDC107P','Basics of Fine Arts-I Lab','MDC',1,1,10,NULL,1,NULL,NULL,28,1),(87,'C24MDC108T','Introduction to Military History','MDC',1,3,25,NULL,1,NULL,NULL,5,1),(88,'C24MDC109T','Understanding Union Budget','MDC',1,3,25,NULL,1,NULL,NULL,8,1),(89,'C24MDC110T','Literature and Society','MDC',1,3,25,NULL,1,NULL,NULL,1,1),(90,'C24MDC111T','Electronics in Daily Life','MDC',1,3,25,NULL,1,NULL,NULL,21,1),(91,'C24MDC112T','Clothing Construction-I','MDC',1,2,15,NULL,1,NULL,NULL,31,1),(92,'C24MDC112P','Clothing Construction-I Lab','MDC',1,1,10,NULL,1,NULL,NULL,31,1),(93,'C24MDC113T','Fundamentals of Physical Education','MDC',1,2,15,NULL,1,NULL,NULL,32,1),(94,'C24MDC113P','Fundamentals of Physical Education Lab','MDC',1,1,10,NULL,1,NULL,NULL,32,1),(95,'C24MDC114T','General Geography','MDC',1,3,25,NULL,1,NULL,NULL,9,1),(96,'C24MDC115T','Social Media aur Hindi Bhasha','MDC',1,3,25,NULL,1,NULL,NULL,2,1),(97,'C24MDC116T','History of Haryana-I (From Harappan Age to 1526 A.D.)','MDC',1,3,25,NULL,1,NULL,NULL,3,1),(98,'C24MDC117T','Health and Hygiene','MDC',1,2,15,NULL,1,NULL,NULL,33,1),(99,'C24MDC117P','Health and Hygiene Lab','MDC',1,1,10,NULL,1,NULL,NULL,33,1),(100,'C24MDC118T','Short Film Production','MDC',1,2,15,NULL,1,NULL,NULL,35,1),(101,'C24MDC118P','Short Film Production Lab','MDC',1,1,10,NULL,1,NULL,NULL,35,1),(102,'C24MDC119T','Mathematics for Everyday Life','MDC',1,3,25,NULL,1,NULL,NULL,14,1),(103,'C24MDC120T','Fundamentals of Hindustani Music','MDC',1,2,15,NULL,1,NULL,NULL,36,1),(104,'C24MDC120P','Fundamentals of Hindustani Music Lab','MDC',1,1,10,NULL,1,NULL,NULL,36,1),(105,'C24MDC121T','Terminology of Hindustani Music (Vocal)','MDC',1,2,15,NULL,1,NULL,NULL,37,1),(106,'C24MDC121P','Terminology of Hindustani Music (Vocal) Lab','MDC',1,1,10,NULL,1,NULL,NULL,37,1),(107,'C24MDC122T','Philosophy of Mahatma Gandhi','MDC',1,3,25,NULL,1,NULL,NULL,38,1),(108,'C24MDC123T','Fundamentals of Physics-I','MDC',1,2,15,NULL,1,NULL,NULL,15,1),(109,'C24MDC123P','Fundamentals of Physics-I Lab','MDC',1,1,10,NULL,1,NULL,NULL,15,1),(110,'C24MDC124T','Indian Polity-I','MDC',1,3,25,NULL,1,NULL,NULL,4,1),(111,'C24MDC125T','Stress Management','MDC',1,3,25,NULL,1,NULL,NULL,NULL,1),(112,'C24MDC126T','Public Administration in India','MDC',1,3,25,NULL,1,NULL,NULL,39,1),(113,'C24MDC127T','Sanskrit Sahitye Rashtravad Yajnaprakriyayah Vaignyanikaadharash','MDC',1,3,25,NULL,1,NULL,NULL,10,1),(114,'C24MDC128T','Principles of Sociology','MDC',1,3,25,NULL,1,NULL,NULL,7,1),(115,'C24MDC129T','Basics of Zoology-I','MDC',1,2,15,NULL,1,NULL,NULL,18,1),(116,'C24MDC129P','Basics of Zoology-I Lab','MDC',1,1,10,NULL,1,NULL,NULL,18,1),(117,'C24MDC130T','Environmental Issues in India','MDC',1,3,25,NULL,1,NULL,NULL,30,1),(118,'C24MDC132T','Foundations of Computer Science','MDC',1,2,15,NULL,1,NULL,NULL,29,1),(119,'C24MDC132P','Foundations of Computer Science Lab','MDC',1,1,10,NULL,1,NULL,NULL,29,1),(120,'C24MDC133T','Idea Generation and Creativity','MDC',1,3,25,NULL,1,NULL,NULL,34,1),(121,'C24MDC201T','Applied Biology-II','MDC',2,2,15,NULL,1,NULL,NULL,20,1),(122,'C24MDC201P','Applied Biology-II Lab','MDC',2,1,10,NULL,1,NULL,NULL,20,1),(123,'C24MDC202T','Nursery and Gardening','MDC',2,2,15,NULL,1,NULL,NULL,17,1),(124,'C24MDC202P','Nursery and Gardening Lab','MDC',2,1,10,NULL,1,NULL,NULL,17,1),(125,'C24MDC203T','Negotiation and Conflicts Management Skills','MDC',2,3,25,NULL,1,NULL,NULL,27,1),(126,'C24MDC204T','Chemistry of Soil and Everyday Compounds','MDC',2,2,15,NULL,1,NULL,NULL,16,1),(127,'C24MDC204P','Chemistry of Soil and Everyday Compounds Lab','MDC',2,1,10,NULL,1,NULL,NULL,16,1),(128,'C24MDC205T','Internet and Web Design','MDC',2,2,15,NULL,1,NULL,NULL,13,1),(129,'C24MDC205P','Internet and Web Design Lab','MDC',2,1,10,NULL,1,NULL,NULL,13,1),(130,'C24MDC206T','Basics of Digital Marketing','MDC',2,2,15,NULL,1,NULL,NULL,22,1),(131,'C24MDC206P','Basics of Digital Marketing Lab','MDC',2,1,10,NULL,1,NULL,NULL,22,1),(132,'C24MDC207T','Basics of Fine Arts-II','MDC',2,2,15,NULL,1,NULL,NULL,28,1),(133,'C24MDC207P','Basics of Fine Arts-II Lab','MDC',2,1,10,NULL,1,NULL,NULL,28,1),(134,'C24MDC208T','Introduction to Military Studies','MDC',2,3,25,NULL,1,NULL,NULL,5,1),(135,'C24MDC209T','Economics of Banking and Finance','MDC',2,3,25,NULL,1,NULL,NULL,8,1),(136,'C24MDC210T','Functional English Grammar','MDC',2,3,25,NULL,1,NULL,NULL,1,1),(137,'C24MDC211T','Basic Analog Electronics','MDC',2,3,25,NULL,1,NULL,NULL,21,1),(138,'C24MDC212T','Clothing Construction-II','MDC',2,2,15,NULL,1,NULL,NULL,31,1),(139,'C24MDC212P','Clothing Construction-II Lab','MDC',2,1,10,NULL,1,NULL,NULL,31,1),(140,'C24MDC213T','Fundamentals of Yoga','MDC',2,2,15,NULL,1,NULL,NULL,32,1),(141,'C24MDC213P','Fundamentals of Yoga Lab','MDC',2,1,10,NULL,1,NULL,NULL,32,1),(142,'C24MDC214T','Physical Geography of India','MDC',2,3,25,NULL,1,NULL,NULL,9,1),(143,'C24MDC215T','Aalochanatmak Adhyayan','MDC',2,3,25,NULL,1,NULL,NULL,2,1),(144,'C24MDC216T','History of Haryana-II','MDC',2,3,25,NULL,1,NULL,NULL,3,1),(145,'C24MDC217T','Basics of Fashion Design','MDC',2,2,15,NULL,1,NULL,NULL,33,1),(146,'C24MDC217P','Basics of Fashion Design Lab','MDC',2,1,10,NULL,1,NULL,NULL,33,1),(147,'C24MDC218T','Public Speaking and Creative Writing','MDC',2,2,15,NULL,1,NULL,NULL,35,1),(148,'C24MDC218P','Public Speaking and Creative Writing Lab','MDC',2,1,10,NULL,1,NULL,NULL,35,1),(149,'C24MDC219T','Financial Mathematics','MDC',2,3,25,NULL,1,NULL,NULL,14,1),(150,'C24MDC220T','Fundamental Approach to Hindustani Music','MDC',2,2,15,NULL,1,NULL,NULL,36,1),(151,'C24MDC220P','Fundamental Approach to Hindustani Music Lab','MDC',2,1,10,NULL,1,NULL,NULL,36,1),(152,'C24MDC221T','Fundamental Approach to Hindustani Music (Vocal)','MDC',2,2,15,NULL,1,NULL,NULL,37,1),(153,'C24MDC221P','Fundamental Approach to Hindustani Music (Vocal) Lab','MDC',2,1,10,NULL,1,NULL,NULL,37,1),(154,'C24MDC222T','Philosophy of Law','MDC',2,3,25,NULL,1,NULL,NULL,38,1),(155,'C24MDC223T','Fundamentals of Physics-II','MDC',2,2,15,NULL,1,NULL,NULL,15,1),(156,'C24MDC223P','Fundamentals of Physics-II Lab','MDC',2,1,10,NULL,1,NULL,NULL,15,1),(157,'C24MDC224T','Indian Polity-II','MDC',2,3,25,NULL,1,NULL,NULL,4,1),(158,'C24MDC225T','Personality Development','MDC',2,3,25,NULL,1,NULL,NULL,NULL,1),(159,'C24MDC226T','Public Financial Administration','MDC',2,3,25,NULL,1,NULL,NULL,39,1),(160,'C24MDC227T','Yogaayurvedashcha','MDC',2,3,25,NULL,1,NULL,NULL,10,1),(161,'C24MDC228T','Indian Society and Culture','MDC',2,3,25,NULL,1,NULL,NULL,7,1),(162,'C24MDC229T','Basics of Zoology-II','MDC',2,2,15,NULL,1,NULL,NULL,18,1),(163,'C24MDC229P','Basics of Zoology-II Lab','MDC',2,1,10,NULL,1,NULL,NULL,18,1),(164,'C24MDC230T','Disaster Management','MDC',2,3,25,NULL,1,NULL,NULL,30,1),(165,'C24MDC232T','Internet and Web Design','MDC',2,2,15,NULL,1,NULL,NULL,29,1),(166,'C24MDC232P','Internet and Web Design Lab','MDC',2,1,10,NULL,1,NULL,NULL,29,1),(167,'C24MDC233T','Content Development for Digital Platforms','MDC',2,3,25,NULL,1,NULL,NULL,34,1),(168,'C24MDC301T','Applied Biology-III','MDC',3,2,15,NULL,1,NULL,NULL,20,1),(169,'C24MDC301P','Applied Biology-III Lab','MDC',3,1,10,NULL,1,NULL,NULL,20,1),(170,'C24MDC302T','Plants in Everyday Life','MDC',3,2,15,NULL,1,NULL,NULL,17,1),(171,'C24MDC302P','Plants in Everyday Life Lab','MDC',3,1,10,NULL,1,NULL,NULL,17,1),(172,'C24MDC303T','Marketing Analytics','MDC',3,3,25,NULL,1,NULL,NULL,27,1),(173,'C24MDC304T','Energy Resources and Water Treatment','MDC',3,2,15,NULL,1,NULL,NULL,16,1),(174,'C24MDC304P','Energy Resources and Water Treatment Lab','MDC',3,1,10,NULL,1,NULL,NULL,16,1),(175,'C24MIC101T','Computer Applications in Management','MIC',1,2,15,NULL,1,NULL,NULL,27,1),(176,'C24MIC102T','Computer Programming Fundamentals','MIC',1,2,15,NULL,1,NULL,NULL,13,1),(177,'C24MIC103T(i)','Business Mathematics','MIC',1,2,15,NULL,1,NULL,NULL,22,1),(178,'C24MIC103T(ii)','Organizational Behaviour','MIC',1,2,15,NULL,1,NULL,NULL,22,1),(179,'C24MIC104T','Introduction of Fine Arts','MIC',1,2,15,NULL,1,NULL,NULL,28,1),(180,'C24MIC105T','Introduction to Defence Studies','MIC',1,2,15,NULL,1,NULL,NULL,5,1),(181,'C24MIC106T','Ancient Indian Economic History: Vedic Period to 1BC','MIC',1,2,15,NULL,1,NULL,NULL,8,1),(182,'C24MIC107T','Introduction to Short Story and Basic Grammar','MIC',1,2,15,NULL,1,NULL,NULL,1,1),(183,'C24MIC108T','Textile Science','MIC',1,2,15,NULL,1,NULL,NULL,31,1),(184,'C24MIC109T','General Geography of India','MIC',1,2,15,NULL,1,NULL,NULL,9,1),(185,'C24MIC110T','Olympics Movement','MIC',1,2,15,NULL,1,NULL,NULL,32,1),(186,'C24MIC111T','Hindi ka Vyavaharik Vyakaran','MIC',1,2,15,NULL,1,NULL,NULL,2,1),(187,'C24MIC112T','Indian National Movement','MIC',1,2,15,NULL,1,NULL,NULL,3,1),(188,'C24MIC113T','Housing and Space Planning','MIC',1,2,15,NULL,1,NULL,NULL,33,1),(189,'C24MIC114T','Communication Skills','MIC',1,2,15,NULL,1,NULL,NULL,35,1),(190,'C24MIC115T','Sets and Sequences','MIC',1,2,15,NULL,1,NULL,NULL,14,1),(191,'C24MIC116T','Basic Concepts of Hindustani Music','MIC',1,2,15,NULL,1,NULL,NULL,36,1),(192,'C24MIC117T','Basic Concepts of Hindustani Music (Vocal)','MIC',1,2,15,NULL,1,NULL,NULL,37,1),(193,'C24MIC118T','Fundamentals of Indian Philosophy','MIC',1,2,15,NULL,1,NULL,NULL,38,1),(194,'C24MIC119T','Fundamentals of Political Science-I','MIC',1,2,15,NULL,1,NULL,NULL,4,1),(195,'C24MIC120T','Understanding Psychology-I','MIC',1,2,15,NULL,1,NULL,NULL,NULL,1),(196,'C24MIC121T','Rural Local Government in India','MIC',1,2,15,NULL,1,NULL,NULL,39,1),(197,'C24MIC122T','Varnochcharan-Shiksha Sanskrit Chayanika Padhbhag (1-10)','MIC',1,2,15,NULL,1,NULL,NULL,10,1),(198,'C24MIC123T','Basic Concepts of Sociology','MIC',1,2,15,NULL,1,NULL,NULL,7,1),(199,'C24MIC124T(i)','Information Technology','MIC',1,2,15,NULL,1,NULL,NULL,29,1),(200,'C24MIC124T(ii)','Mathematical Foundation of Computer Science-I','MIC',1,2,15,NULL,1,NULL,NULL,29,1),(201,'C24MIC125T','General Current Awareness I','MIC',1,2,15,NULL,1,NULL,NULL,34,1),(202,'C24MIC131T','Basic Chemistry-I','MIC',1,2,15,NULL,1,NULL,NULL,16,1),(203,'C24MIC132T','Electronic Components','MIC',1,2,15,NULL,1,NULL,NULL,21,1),(204,'C24MIC133T','Fundamentals of Electronics-I','MIC',1,2,15,NULL,1,NULL,NULL,15,1),(205,'C24MIC141T','Introduction to Biotechnology','MIC',1,2,15,NULL,1,NULL,NULL,20,1),(206,'C24MIC142T','Elementary Botany','MIC',1,2,15,NULL,1,NULL,NULL,17,1),(207,'C24MIC143T','Introduction of non-Chordates','MIC',1,2,15,NULL,1,NULL,NULL,18,1),(208,'C24MIC201T','Basic Statistics','MIC',2,2,15,NULL,1,NULL,NULL,27,1),(209,'C24MIC202T','Internet and Web Design','MIC',2,2,15,NULL,1,NULL,NULL,13,1),(210,'C24MIC203T','Basics of Digital Marketing','MIC',2,2,15,NULL,1,NULL,NULL,22,1),(211,'C24MIC204T','Basics of Photography','MIC',2,2,15,NULL,1,NULL,NULL,28,1),(212,'C24MIC205T','Public and Private Security Management','MIC',2,2,15,NULL,1,NULL,NULL,5,1),(213,'C24MIC206T','Indian Economy from Post-Independence','MIC',2,2,15,NULL,1,NULL,NULL,8,1),(214,'C24MIC207T','Introduction to Essay and Basic Composition','MIC',2,2,15,NULL,1,NULL,NULL,1,1),(215,'C24MIC208T','Traditional Textile of India','MIC',2,2,15,NULL,1,NULL,NULL,31,1),(216,'C24MIC209T','Geography of Haryana','MIC',2,2,15,NULL,1,NULL,NULL,9,1),(217,'C24MIC210T','Asian and Commonwealth Games','MIC',2,2,15,NULL,1,NULL,NULL,32,1),(218,'C24MIC211T','Patra Lekhan','MIC',2,2,15,NULL,1,NULL,NULL,2,1),(219,'C24MIC212T','Indian History and Culture','MIC',2,2,15,NULL,1,NULL,NULL,3,1),(220,'C24MIC213T','Early Childhood Care and Education','MIC',2,2,15,NULL,1,NULL,NULL,33,1),(221,'C24MIC214T','Digital Media','MIC',2,2,15,NULL,1,NULL,NULL,35,1),(222,'C24MIC215T','Combinatorics and Geometry','MIC',2,2,15,NULL,1,NULL,NULL,14,1),(223,'C24MIC216T','Conceptual Approach to Hindustani Music','MIC',2,2,15,NULL,1,NULL,NULL,36,1),(224,'C24MIC217T','Conceptual Approach to Hindustani Music (Vocal)','MIC',2,2,15,NULL,1,NULL,NULL,37,1),(225,'C24MIC218T','Fundamentals of Western Philosophy','MIC',2,2,15,NULL,1,NULL,NULL,38,1),(226,'C24MIC219T','Fundamentals of Political Science-II','MIC',2,2,15,NULL,1,NULL,NULL,4,1),(227,'C24MIC220T','Understanding Psychology-II','MIC',2,2,15,NULL,1,NULL,NULL,NULL,1),(228,'C24MIC221T','Urban Local Government in India','MIC',2,2,15,NULL,1,NULL,NULL,39,1),(229,'C24MIC222T','Varnochcharan-Shiksha Sanskrit Chayanika Gadhyabhag (1-10)','MIC',2,2,15,NULL,1,NULL,NULL,10,1),(230,'C24MIC223T','Indian Social System','MIC',2,2,15,NULL,1,NULL,NULL,7,1),(231,'C24MIC224T(i)','Database Technologies','MIC',2,2,15,NULL,1,NULL,NULL,29,1),(232,'C24MIC224T(ii)','Mathematical Foundation of Computer Science-II','MIC',2,2,15,NULL,1,NULL,NULL,29,1),(233,'C24MIC225T','General Current Awareness II','MIC',2,2,15,NULL,1,NULL,NULL,34,1),(234,'C24MIC231T','Basic Chemistry-II','MIC',2,2,15,NULL,1,NULL,NULL,16,1),(235,'C24MIC232T','Understanding of Computer Systems','MIC',2,2,15,NULL,1,NULL,NULL,21,1),(236,'C24MIC233T','Fundamentals of Electronics-II','MIC',2,2,15,NULL,1,NULL,NULL,15,1),(237,'C24MIC241T','Biomolecules','MIC',2,2,15,NULL,1,NULL,NULL,20,1),(238,'C24MIC242T','Cell Biology','MIC',2,2,15,NULL,1,NULL,NULL,17,1),(239,'C24MIC243T','Introduction of Chordates','MIC',2,2,15,NULL,1,NULL,NULL,18,1),(240,'C24MIC302T','IT & E-Commerce','MIC',3,2,15,NULL,1,NULL,NULL,13,1),(241,'C24MIC302P','IT & E-Commerce Lab','MIC',3,2,15,NULL,1,NULL,NULL,13,1),(242,'C24MIC303T','Strategic Management','MIC',3,4,30,NULL,1,NULL,NULL,22,1),(243,'C24MIC307T','Introduction to Poetry and Composition','MIC',3,4,30,NULL,1,NULL,NULL,1,1),(244,'C24MIC315T','Mathematical Statistics','MIC',3,4,30,NULL,1,NULL,NULL,14,1),(245,'C24MIC331T','Basic Chemistry-III','MIC',3,4,30,NULL,1,NULL,NULL,16,1),(246,'C24MIC332T','Electronic Instrumentation','MIC',3,4,30,NULL,1,NULL,NULL,21,1),(247,'C24MIC333T','Electronics-I','MIC',3,4,30,NULL,1,NULL,NULL,15,1),(248,'C24MIC341T','Molecular Basis Life','MIC',3,4,30,NULL,1,NULL,NULL,20,1),(249,'C24MIC342T','Plant Ecology','MIC',3,4,30,NULL,1,NULL,NULL,17,1),(250,'C24SEC101T','GST Return Filing','SEC',1,3,25,NULL,1,NULL,NULL,27,1),(251,'C24SEC102T','Modern Advertising Tools','SEC',1,2,15,NULL,1,NULL,NULL,22,1),(252,'C24SEC102P','Modern Advertising Tools Lab','SEC',1,1,10,NULL,1,NULL,NULL,22,1),(253,'C24SEC103T','Office Tools','SEC',1,2,15,NULL,1,NULL,NULL,13,1),(254,'C24SEC203T','Digital Efficiency Tools','SEC',1,2,15,NULL,1,NULL,NULL,13,1),(255,'C24SEC103P','Office Tools Lab','SEC',1,1,10,NULL,1,NULL,NULL,13,1),(256,'C24SEC203P','Digital Efficiency Tools Lab','SEC',1,1,10,NULL,1,NULL,NULL,13,1),(257,'C24SEC104T','Introduction to Design','SEC',1,2,15,NULL,1,NULL,NULL,28,1),(258,'C24SEC104P','Introduction to Design Lab','SEC',1,1,10,NULL,1,NULL,NULL,28,1),(259,'C24SEC105T','Study of Terrorism','SEC',1,3,25,NULL,1,NULL,NULL,5,1),(260,'C24SEC106T','Computer Applications in Economics-I','SEC',1,2,15,NULL,1,NULL,NULL,8,1),(261,'C24SEC106P','Computer Applications in Economics-I Lab','SEC',1,1,10,NULL,1,NULL,NULL,8,1),(262,'C24SEC107T','Soft Skills','SEC',1,2,15,NULL,1,NULL,NULL,1,1),(263,'C24SEC107P','Soft Skills Lab','SEC',1,1,10,NULL,1,NULL,NULL,1,1),(264,'C24SEC108T','Basics of Clothing Construction','SEC',1,2,15,NULL,1,NULL,NULL,31,1),(265,'C24SEC108P','Basics of Clothing Construction Lab','SEC',1,1,10,NULL,1,NULL,NULL,31,1),(266,'C24SEC109T','Surveying Techniques','SEC',1,2,15,NULL,1,NULL,NULL,9,1),(267,'C24SEC109P','Surveying Techniques Lab','SEC',1,1,10,NULL,1,NULL,NULL,9,1),(268,'C24SEC110T','Health Education','SEC',1,2,15,NULL,1,NULL,NULL,32,1),(269,'C24SEC110P','Health Education Lab','SEC',1,1,10,NULL,1,NULL,NULL,32,1),(270,'C24SEC111T','Taknikee Hindi','SEC',1,2,15,NULL,1,NULL,NULL,2,1),(271,'C24SEC111P','Computer aur Hindi Typing','SEC',1,1,10,NULL,1,NULL,NULL,2,1),(272,'C24SEC112T','Glimpse of Ancient India','SEC',1,3,25,NULL,1,NULL,NULL,3,1),(273,'C24SEC113T','Hand Fabric and Printing Dyeing Techniques','SEC',1,2,15,NULL,1,NULL,NULL,33,1),(274,'C24SEC113P','Hand Fabric and Printing Dyeing Techniques Lab','SEC',1,1,10,NULL,1,NULL,NULL,33,1),(275,'C24SEC114T','Report Writing','SEC',1,2,15,NULL,1,NULL,NULL,35,1),(276,'C24SEC114P','Report Writing Lab','SEC',1,1,10,NULL,1,NULL,NULL,35,1),(277,'C24SEC129T(i)','Vector Calculus and Solid Geometry','SEC',1,2,15,NULL,1,NULL,NULL,14,1),(278,'C24SEC129P(i)','Vector Calculus and Solid Geometry Lab','SEC',1,1,10,NULL,1,NULL,NULL,14,1),(279,'C24SEC129T(ii)','Mathematics in PYTHON','SEC',1,2,15,NULL,1,NULL,NULL,14,1),(280,'C24SEC129P(ii)','Mathematics in PYTHON Lab','SEC',1,1,10,NULL,1,NULL,NULL,14,1),(281,'C24SEC115T','Practical Approach to Hindustani Music-1','SEC',1,2,15,NULL,1,NULL,NULL,36,1),(282,'C24SEC115P','Practical Approach to Hindustani Music-1 Lab','SEC',1,1,10,NULL,1,NULL,NULL,36,1),(283,'C24SEC116T','Basic Course for Harmonium and Tabla-1','SEC',1,2,15,NULL,1,NULL,NULL,37,1),(284,'C24SEC116P','Basic Course for Harmonium and Tabla-1 Lab','SEC',1,1,10,NULL,1,NULL,NULL,37,1),(285,'C24SEC117T','Critical Thinking','SEC',1,3,25,NULL,1,NULL,NULL,38,1),(286,'C24SEC118T','Introduction to Political Theory','SEC',1,3,25,NULL,1,NULL,NULL,4,1),(287,'C24SEC119T','Assessment of Personality','SEC',1,2,15,NULL,1,NULL,NULL,66,1),(288,'C24SEC119P','Assessment of Personality Lab','SEC',1,1,10,NULL,1,NULL,NULL,66,1),(289,'C24SEC120T','Public Office Administration','SEC',1,3,25,NULL,1,NULL,NULL,39,1),(290,'C24SEC121T','Sanskrit Sambhashanam','SEC',1,3,25,NULL,1,NULL,NULL,10,1),(291,'C24SEC122T','Gender and Society','SEC',1,3,25,NULL,1,NULL,NULL,7,1),(292,'C24SEC123T','Water Quality Analysis','SEC',1,2,15,NULL,1,NULL,NULL,30,1),(293,'C24SEC123P','Water Quality Analysis Lab','SEC',1,1,10,NULL,1,NULL,NULL,30,1),(294,'C24SEC124T','PC Hardware and Networking','SEC',1,2,15,NULL,1,NULL,NULL,29,1),(295,'C24SEC124P','PC Hardware and Networking Lab','SEC',1,1,10,NULL,1,NULL,NULL,29,1),(296,'C24SEC125T','Article Writing for Newspapers and Magazines','SEC',1,2,15,NULL,1,NULL,NULL,34,1),(297,'C24SEC125P','Article Writing for Newspapers and Magazines Lab','SEC',1,1,10,NULL,1,NULL,NULL,34,1),(298,'C24SEC126T','Biofertilizer and Biopesticide Production Technology','SEC',1,2,15,NULL,1,NULL,NULL,20,1),(299,'C24SEC126P','Biofertilizer and Biopesticide Production Technology Lab','SEC',1,1,10,NULL,1,NULL,NULL,20,1),(300,'C24SEC127T','Mushroom Cultivation','SEC',1,2,15,NULL,1,NULL,NULL,17,1),(301,'C24SEC127P','Mushroom Cultivation Lab','SEC',1,1,10,NULL,1,NULL,NULL,17,1),(302,'C24SEC128T','Basic Laboratory Techniques','SEC',1,2,15,NULL,1,NULL,NULL,16,1),(303,'C24SEC128P','Basic Laboratory Techniques Lab','SEC',1,1,10,NULL,1,NULL,NULL,16,1),(304,'C24SEC130T','Instrumentation-I','SEC',1,2,15,NULL,1,NULL,NULL,15,1),(305,'C24SEC130P','Instrumentation-I Lab','SEC',1,1,10,NULL,1,NULL,NULL,15,1),(306,'C24SEC131T','Apiculture','SEC',1,2,15,NULL,1,NULL,NULL,18,1),(307,'C24SEC131P','Apiculture Lab','SEC',1,1,10,NULL,1,NULL,NULL,18,1),(308,'C24SEC132T','Linear Integrated Circuit Applications','SEC',1,3,25,NULL,1,NULL,NULL,21,1),(309,'C24SEC201T','Digital Marketing','SEC',2,3,25,NULL,1,NULL,NULL,27,1),(310,'C24SEC202T','Business Communication Skills','SEC',2,3,25,NULL,1,NULL,NULL,22,1),(311,'C24SEC204T','Art of Photography','SEC',2,2,15,NULL,1,NULL,NULL,28,1),(312,'C24SEC204P','Art of Photography Lab','SEC',2,1,10,NULL,1,NULL,NULL,28,1),(313,'C24SEC205T','Defence Journalism','SEC',2,3,25,NULL,1,NULL,NULL,5,1),(314,'C24SEC206T','Computer Applications in Economics-II','SEC',2,2,15,NULL,1,NULL,NULL,8,1),(315,'C24SEC206P','Computer Applications in Economics-II Lab','SEC',2,1,10,NULL,1,NULL,NULL,8,1),(316,'C24SEC207T','Public Speaking and Presentation Skills in English','SEC',2,2,15,NULL,1,NULL,NULL,1,1),(317,'C24SEC207P','Public Speaking and Presentation Skills in English Lab','SEC',2,1,10,NULL,1,NULL,NULL,1,1),(318,'C24SEC208T','Hand Embroidery','SEC',2,2,15,NULL,1,NULL,NULL,31,1),(319,'C24SEC208P','Hand Embroidery Lab','SEC',2,1,10,NULL,1,NULL,NULL,31,1),(320,'C24SEC209T','Interpretation of Maps and Toposheets','SEC',2,2,15,NULL,1,NULL,NULL,9,1),(321,'C24SEC209P','Interpretation of Maps and Toposheets Lab','SEC',2,1,10,NULL,1,NULL,NULL,9,1),(322,'C24SEC210T','Basic Anatomy and Physiology','SEC',2,2,15,NULL,1,NULL,NULL,32,1),(323,'C24SEC210P','Basic Anatomy and Physiology Lab','SEC',2,1,10,NULL,1,NULL,NULL,32,1),(324,'C24SEC211T','Srijanatmak Lekhan','SEC',2,2,15,NULL,1,NULL,NULL,2,1),(325,'C24SEC211P','Sahityik Lekhan','SEC',2,1,10,NULL,1,NULL,NULL,2,1),(326,'C24SEC212T','Glimpses of Medieval India','SEC',2,3,25,NULL,1,NULL,NULL,3,1),(327,'C24SEC213T','Ice Cream and Chocolate Craft','SEC',2,2,15,NULL,1,NULL,NULL,33,1),(328,'C24SEC213P','Ice Cream and Chocolate Craft Lab','SEC',2,1,10,NULL,1,NULL,NULL,33,1),(329,'C24SEC214T','Video Production','SEC',2,2,15,NULL,1,NULL,NULL,35,1),(330,'C24SEC214P','Video Production Lab','SEC',2,1,10,NULL,1,NULL,NULL,35,1),(331,'C24SEC229T(i)','Numerical Methods','SEC',2,2,15,NULL,1,NULL,NULL,14,1),(332,'C24SEC229P(i)','Numerical Methods Lab','SEC',2,1,10,NULL,1,NULL,NULL,14,1),(333,'C24SEC215T','Practical Approach to Hindustani Music-2','SEC',2,2,15,NULL,1,NULL,NULL,36,1),(334,'C24SEC215P','Practical Approach to Hindustani Music-2 Lab','SEC',2,1,10,NULL,1,NULL,NULL,36,1),(335,'C24SEC216T','Basic Course for Harmonium and Tabla-2','SEC',2,2,15,NULL,1,NULL,NULL,37,1),(336,'C24SEC216P','Basic Course for Harmonium and Tabla-2 Lab','SEC',2,1,10,NULL,1,NULL,NULL,37,1),(337,'C24SEC217T','Applied Reasoning in Philosophy','SEC',2,3,25,NULL,1,NULL,NULL,38,1),(338,'C24SEC218T','Gender and Law in India','SEC',2,3,25,NULL,1,NULL,NULL,4,1),(339,'C24SEC219T','Assessment of Intelligence','SEC',2,2,15,NULL,1,NULL,NULL,66,1),(340,'C24SEC219P','Assessment of Intelligence Lab','SEC',2,1,10,NULL,1,NULL,NULL,66,1),(341,'C24SEC220T','Office Processes','SEC',2,3,25,NULL,1,NULL,NULL,39,1),(342,'C24SEC221T','Prayogatmak Sanskritam','SEC',2,3,25,NULL,1,NULL,NULL,10,1),(343,'C24SEC222T','Sociology for Social Problems','SEC',2,3,25,NULL,1,NULL,NULL,7,1),(344,'C24SEC223T','Food Waste and Byproduct Utilization','SEC',2,2,15,NULL,1,NULL,NULL,30,1),(345,'C24SEC223P','Food Waste and Byproduct Utilization Lab','SEC',2,1,10,NULL,1,NULL,NULL,30,1),(346,'C24SEC224T','Web Design Basics using HTML','SEC',2,2,15,NULL,1,NULL,NULL,29,1),(347,'C24SEC224P','Web Design Basics using HTML Lab','SEC',2,1,10,NULL,1,NULL,NULL,29,1),(348,'C24SEC225T','Feature Writing for Newspapers and Magazines','SEC',2,2,15,NULL,1,NULL,NULL,34,1),(349,'C24SEC225P','Feature Writing for Newspapers and Magazines Lab','SEC',2,1,10,NULL,1,NULL,NULL,34,1),(350,'C24SEC226T','Medical Laboratory Technology','SEC',2,2,15,NULL,1,NULL,NULL,20,1),(351,'C24SEC226P','Medical Laboratory Technology Lab','SEC',2,1,10,NULL,1,NULL,NULL,20,1),(352,'C24SEC227T','Organic Farming','SEC',2,2,15,NULL,1,NULL,NULL,17,1),(353,'C24SEC227P','Organic Farming Lab','SEC',2,1,10,NULL,1,NULL,NULL,17,1),(354,'C24SEC228T','Chromatographic Techniques Food and Water Analysis','SEC',2,2,15,NULL,1,NULL,NULL,16,1),(355,'C24SEC228P','Chromatographic Techniques Food and Water Analysis Lab','SEC',2,1,10,NULL,1,NULL,NULL,16,1),(356,'C24SEC230T','Instrumentation-II','SEC',2,2,15,NULL,1,NULL,NULL,15,1),(357,'C24SEC230P','Instrumentation-II Lab','SEC',2,1,10,NULL,1,NULL,NULL,15,1),(358,'C24SEC231T','Fish Farming','SEC',2,2,15,NULL,1,NULL,NULL,18,1),(359,'C24SEC231P','Fish Farming Lab','SEC',2,1,10,NULL,1,NULL,NULL,18,1),(360,'C24SEC232T','PCB Fundamentals','SEC',2,3,25,NULL,1,NULL,NULL,21,1),(361,'C24SEC301T','Startup and Entrepreneurship','SEC',3,3,25,NULL,1,NULL,NULL,27,1),(362,'C24SEC302T','Investment Planning Skills','SEC',3,3,25,NULL,1,NULL,NULL,22,1),(363,'C24SEC303T','Data Analysis using Excel','SEC',3,2,15,NULL,1,NULL,NULL,13,1),(364,'C24SEC303P','Data Analysis using Excel Lab','SEC',3,1,10,NULL,1,NULL,NULL,13,1),(365,'C24SEC304T','Art of Photography','SEC',3,3,25,NULL,1,NULL,NULL,28,1),(366,'C24SEC307T','Professional Communication in English','SEC',3,2,15,NULL,1,NULL,NULL,1,1),(367,'C24SEC307P','Professional Communication in English Lab','SEC',3,1,10,NULL,1,NULL,NULL,1,1),(368,'C24SEC309T','Cyber Security','SEC',3,2,15,NULL,1,NULL,NULL,9,1),(369,'C24SEC309P','Cyber Security Lab','SEC',3,1,10,NULL,1,NULL,NULL,9,1),(370,'C24SEC311T','Karyalay Hindi','SEC',3,3,25,NULL,1,NULL,NULL,2,1),(371,'C24SEC313T','Ice Cream and Chocolate Craft','SEC',3,2,15,NULL,1,NULL,NULL,33,1),(372,'C24SEC313P','Ice Cream and Chocolate Craft Lab','SEC',3,1,10,NULL,1,NULL,NULL,33,1),(373,'C24SEC314T','Video Production','SEC',3,3,25,NULL,1,NULL,NULL,35,1),(374,'C24SEC329T','Special Functions and Transform Techniques','SEC',3,2,15,NULL,1,NULL,NULL,14,1),(375,'C24SEC329P','Special Functions and Transform Techniques Lab','SEC',3,1,10,NULL,1,NULL,NULL,14,1),(376,'C24SEC315T','Practical Approach to Hindustani Music-2','SEC',3,2,15,NULL,1,NULL,NULL,36,1),(377,'C24SEC315P','Practical Approach to Hindustani Music-2 Lab','SEC',3,1,10,NULL,1,NULL,NULL,36,1),(378,'C24SEC316T','Basic Course for Harmonium and Tabla-2','SEC',3,2,15,NULL,1,NULL,NULL,37,1),(379,'C24SEC316P','Basic Course for Harmonium and Tabla-2 Lab','SEC',3,1,10,NULL,1,NULL,NULL,37,1),(380,'C24SEC317T','Applied Reasoning in Philosophy','SEC',3,3,25,NULL,1,NULL,NULL,38,1),(381,'C24SEC318T','Gender and Law in India','SEC',3,3,25,NULL,1,NULL,NULL,4,1),(382,'C24SEC319T','Assessment of Intelligence','SEC',3,3,25,NULL,1,NULL,NULL,66,1),(383,'C24SEC320T','Office Processes','SEC',3,3,25,NULL,1,NULL,NULL,39,1),(384,'C24SEC321T','Prayogatmak Sanskritam','SEC',3,3,25,NULL,1,NULL,NULL,10,1),(385,'C24SEC322T','Sociology for Social Problems','SEC',3,3,25,NULL,1,NULL,NULL,7,1),(386,'C24SEC323T','Waste Water Treatment','SEC',3,2,15,NULL,1,NULL,NULL,30,1),(387,'C24SEC323P','Waste Water Treatment Lab','SEC',3,1,10,NULL,1,NULL,NULL,30,1),(388,'C24SEC326T','Bioinformatics','SEC',3,3,25,NULL,1,NULL,NULL,20,1),(389,'C24SEC326P','Basics of Forensic Science Lab','SEC',3,1,10,NULL,1,NULL,NULL,20,1),(390,'C24SEC327T','Floriculture','SEC',3,2,15,NULL,1,NULL,NULL,17,1),(391,'C24SEC327P','Floriculture Lab','SEC',3,1,10,NULL,1,NULL,NULL,17,1),(392,'C24SEC328T','Fuel Chemistry','SEC',3,2,15,NULL,1,NULL,NULL,16,1),(393,'C24SEC328P','Fuel Chemistry Lab','SEC',3,1,10,NULL,1,NULL,NULL,16,1),(394,'C24SEC330T','Numerical Techniques','SEC',3,2,15,NULL,1,NULL,NULL,15,1),(395,'C24SEC330P','Numerical Techniques Lab','SEC',3,1,10,NULL,1,NULL,NULL,15,1),(396,'C24SEC331T','Vermiculture and Vermicomposting','SEC',3,2,15,NULL,1,NULL,NULL,18,1),(397,'C24SEC331P','Vermiculture and Vermicomposting Lab','SEC',3,1,10,NULL,1,NULL,NULL,18,1),(398,'C24SEC332T','Transducers','SEC',3,3,25,NULL,1,NULL,NULL,21,1),(399,'C24VAC101T','Environmental Studies-I','VAC',1,2,15,NULL,1,NULL,NULL,98,1),(424,'C24VAC221T','Psychology of Everyday Life','VAC',2,2,15,NULL,1,NULL,NULL,98,1),(425,'C24VAC301T','Environmental Studies-II','VAC',3,2,15,NULL,1,NULL,NULL,98,0),(426,'C24VAC302T','Indian Biodiversity','VAC',3,2,15,NULL,1,NULL,NULL,98,0),(427,'C24VAC303T','Communication Ethics','VAC',3,2,15,NULL,1,NULL,NULL,98,0),(428,'C24VAC304T','Physics in Everyday Life','VAC',3,2,15,NULL,1,NULL,NULL,98,0),(429,'C24VAC305T','Sustainable Development Goals','VAC',3,2,15,NULL,1,NULL,NULL,98,0),(430,'C24VAC306T','Introduction to Indian Scientists','VAC',3,2,15,NULL,1,NULL,NULL,98,0),(431,'C24VAC307T','Ecology and Environment-I','VAC',3,2,15,NULL,1,NULL,NULL,98,0),(432,'C24VAC308T','NCC Activities and Training','VAC',3,2,15,NULL,1,NULL,NULL,98,0),(433,'C24VAC309T','Plants in Everyday Life','VAC',3,2,15,NULL,1,NULL,NULL,98,0),(434,'C24VAC310T','NSS Activities and Training Programme','VAC',3,2,15,NULL,1,NULL,NULL,98,0),(435,'C24VAC311T','YRC Activities and First Aid Training','VAC',3,2,15,NULL,1,NULL,NULL,98,0),(436,'C24VAC312T','Sports and Nutrition','VAC',3,2,15,NULL,1,NULL,NULL,98,0),(437,'C24VAC313T','Internet Ethics','VAC',3,2,15,NULL,1,NULL,NULL,98,0),(438,'C24VAC314T','Green Practices in Business','VAC',3,2,15,NULL,1,NULL,NULL,98,0),(439,'C24VAC315T','Ethics of Computer Science','VAC',3,2,15,NULL,1,NULL,NULL,98,0),(440,'C24VAC316T','Agricultural Biotechnology','VAC',3,2,15,NULL,1,NULL,NULL,98,0),(441,'C24VAC317T','Creative Writing','VAC',3,2,15,NULL,1,NULL,NULL,98,0),(442,'C24VAC318T','Cultural Geography of India','VAC',3,2,15,NULL,1,NULL,NULL,98,0),(443,'C24VAC319T','Indian Agriculture','VAC',3,2,15,NULL,1,NULL,NULL,98,0),(444,'C24VAC320T','Electronics Communication','VAC',3,2,15,NULL,1,NULL,NULL,98,0),(445,'C24VAC321T','Ethical Studies of Indian Tribes','VAC',3,2,15,NULL,1,NULL,NULL,98,0),(446,'C24VAC322T','Bhartiya Gyan Parampara evam Paddhati','VAC',3,2,15,NULL,1,NULL,NULL,98,0),(448,'C24VAC324T','Chemicals in Food: Additives Agrochemicals and Vitamins','VAC',3,2,15,NULL,1,NULL,NULL,98,0),(449,'C24VAC325T','Tulsi Sahitya mein Manaviya Mulya','VAC',3,2,15,NULL,1,NULL,NULL,98,0),(450,'C24VAC401T','Mathematical Modelling of Physical Systems','VAC',4,2,15,NULL,1,NULL,NULL,98,1),(451,'C24VAC402T','Artificial Intelligence','VAC',4,2,15,NULL,1,NULL,NULL,98,1),(452,'C24VAC403T','Ecology and Environment-II','VAC',4,2,15,NULL,1,NULL,NULL,98,1),(453,'C24VAC404T','Science and Society','VAC',4,2,15,NULL,1,NULL,NULL,98,1),(454,'C24VAC405T','Yoga: Philosophy and Practice','VAC',4,2,15,NULL,1,NULL,NULL,98,1),(455,'C24VAC406T','Financial Literacy','VAC',4,2,15,NULL,1,NULL,NULL,98,1),(456,'C24VAC407T','Polymers and their Applications','VAC',4,2,15,NULL,1,NULL,NULL,98,1),(457,'C24VAC408T','Introduction to Satellite','VAC',4,2,15,NULL,1,NULL,NULL,98,1),(458,'C24VAC409T','Literature and Ethics','VAC',4,2,15,NULL,1,NULL,NULL,98,1),(459,'C24VAC410T','Health and Wellness','VAC',4,2,15,NULL,1,NULL,NULL,98,1),(460,'C24VAC411T','Environmental Toxicology','VAC',4,2,15,NULL,1,NULL,NULL,98,1),(461,'C24VAC412T','Haryanvi Loksahitya','VAC',4,2,15,NULL,1,NULL,NULL,98,1),(462,'C24COA101P','Fundamental of Arts Lab','MAJOR',1,1,10,NULL,1,1,1,12,0),(463,'C24COA101T','Fundamental of Arts','MAJOR',1,3,20,NULL,1,1,1,12,0),(464,'C24COS101P','Programming in C Lab','MAJOR',1,1,10,NULL,1,1,1,13,0),(465,'C24COS101T','Fundamentals of Computer and Programming in C','MAJOR',1,3,20,NULL,1,1,1,13,0),(466,'C24DEF101P','Conceptual Aspects of War, Basics of Operational Exercises-I Lab','MAJOR',1,1,10,NULL,1,1,1,5,0),(467,'C24DEF101T','Conceptual Aspects of War, Basics of Operational Exercises-I','MAJOR',1,3,20,NULL,1,1,1,5,0),(468,'C24ECO101T','Microeconomics-I','MAJOR',1,4,30,NULL,1,1,1,8,0),(469,'C24ENG101T','Introduction to Short Story and Basic Grammar','MAJOR',1,4,30,NULL,1,1,1,1,0),(470,'C24FAD101P','Fundamentals of Fashion Designing Lab','MAJOR',1,1,10,NULL,1,1,1,31,0),(471,'C24FAD101T','Fundamentals of Fashion Designing','MAJOR',1,3,20,NULL,1,1,1,31,0),(472,'C24FEN101P','Communicative Skills (Functional English)-Practical','MAJOR',1,1,10,NULL,1,1,1,1,0),(473,'C24FEN101T','Communicative Skills (Functional English)','MAJOR',1,3,20,NULL,1,1,1,1,0),(474,'C24GEO101P','Geography of India Lab','MAJOR',1,1,10,NULL,1,1,1,9,0),(475,'C24GEO101T','Geography of India','MAJOR',1,3,20,NULL,1,1,1,9,0),(476,'C24HIE101T','Hindi Ka Adhunik Sahitya, Kavi Avam Natya Avlokan','MAJOR',1,4,30,NULL,1,1,1,2,0),(477,'C24HIN101T','Hindi Sahitya-I','MAJOR',1,4,30,NULL,1,1,1,2,0),(478,'C24HIS101T','Idea of Bharat','MAJOR',1,4,30,NULL,1,1,1,3,0),(479,'C24HOS101P','Interior Decoration in Home Lab','MAJOR',1,1,10,NULL,1,1,1,33,0),(480,'C24HOS101T','Interior Decoration in Home','MAJOR',1,3,20,NULL,1,1,1,33,0),(481,'C24HPE101P','History and Foundation of Physical Education Lab','MAJOR',1,1,10,NULL,1,1,1,32,0),(482,'C24HPE101T','History and Foundation of Physical Education','MAJOR',1,3,20,NULL,1,1,1,32,0),(483,'C24MAT101P','Basic Algebra and Number Theory Lab','MAJOR',1,1,10,NULL,1,1,1,14,0),(484,'C24MAT101T','Basic Algebra and Number Theory','MAJOR',1,3,20,NULL,1,1,1,14,0),(485,'C24MCO101P','Introduction to Communication Lab','MAJOR',1,1,10,NULL,1,1,1,34,0),(486,'C24MCO101T','Introduction to Communication','MAJOR',1,3,20,NULL,1,1,1,34,0),(487,'C24MUI101P','Basics of Hindustani Music Lab','MAJOR',1,2,15,NULL,1,1,1,11,0),(488,'C24MUI101T','Basics of Hindustani Music','MAJOR',1,2,15,NULL,1,1,1,11,0),(489,'C24MUS101P','Fundamentals of Hindustani Music (Vocal) Lab','MAJOR',1,2,15,NULL,1,1,1,11,0),(490,'C24MUS101T','Fundamentals of Hindustani Music (Vocal)','MAJOR',1,2,15,NULL,1,1,1,11,0),(491,'C24PHI101T','Outline of Indian Philosophy','MAJOR',1,4,30,NULL,1,1,1,38,0),(492,'C24POL101T','Principles of Political Science-I','MAJOR',1,4,30,NULL,1,1,1,4,0),(493,'C24PSY101P','Foundations of Psychology-I Lab','MAJOR',1,1,10,NULL,1,1,1,66,0),(494,'C24PSY101T','Foundations of Psychology-I','MAJOR',1,3,20,NULL,1,1,1,66,0),(495,'C24PUB101T','Fundamentals of Public Administration','MAJOR',1,4,30,NULL,1,1,1,39,0),(496,'C24SAE101T','Neetisaahityam Vyaakaranan ch','MAJOR',1,4,30,NULL,1,1,1,10,0),(497,'C24SKT101T','Sanskrit Chayanika Paddh Bhag 1-12','MAJOR',1,4,30,NULL,1,1,1,10,0),(498,'C24SOC101T','Introduction to Sociology','MAJOR',1,4,30,NULL,1,1,1,7,0),(499,'C24BCM101T','Fundamentals of Management','MAJOR',1,4,30,NULL,1,6,3,22,0),(500,'C24BCM102T','Basic Accounting','MAJOR',1,4,30,NULL,1,6,3,22,0),(501,'C24BCM103T','Business Economics-I','MAJOR',1,4,30,NULL,1,6,3,22,0),(502,'C24ZOO101P','Animal Diversity-I Lab','MAJOR',1,1,10,NULL,1,3,2,18,0),(503,'C24ZOO101T','Animal Diversity-I','MAJOR',1,3,20,NULL,1,3,2,18,0),(504,'C24BBT101P','Basics of Biotechnology Lab','MAJOR',1,1,10,NULL,1,3,2,20,0),(505,'C24BBT101T','Basics of Biotechnology','MAJOR',1,3,20,NULL,1,3,2,20,0),(506,'C24BOT101P','Diversity of Microbes & Lower Cryptogams; Cytology Lab','MAJOR',1,1,10,NULL,1,3,2,17,0),(507,'C24BOT101T','Diversity of Microbes & Lower Cryptogams; Cytology','MAJOR',1,3,20,NULL,1,3,2,17,0),(508,'C24CHE101P','Chemistry-I Lab','MAJOR',1,1,10,NULL,1,2,2,16,0),(509,'C24CHE101T','Chemistry-I','MAJOR',1,3,20,NULL,1,2,2,16,0),(510,'C24ELE101P','Network Analysis Lab','MAJOR',1,1,10,NULL,1,2,2,21,0),(511,'C24ELE101T','Network Analysis','MAJOR',1,3,20,NULL,1,2,2,21,0),(512,'C24PHY101P','Mechanics Lab','MAJOR',1,1,10,NULL,1,2,2,15,0),(513,'C24PHY101T','Mechanics','MAJOR',1,3,20,NULL,1,2,2,15,0),(514,'C25CAA101P','Computer Fundamental and Problem Solving Through C Lab','MAJOR',1,1,10,NULL,1,5,2,13,0),(515,'C25CAA101T','Computer Fundamental and Problem Solving Through C','MAJOR',1,3,20,NULL,1,5,2,13,0),(516,'C25CAA102P','Logical Organization of Computer Lab','MAJOR',1,1,10,NULL,1,5,2,13,0),(517,'C25CAA102T','Logical Organization of Computer','MAJOR',1,3,20,NULL,1,5,2,13,0),(518,'C25CAA103P','Introduction to Web Technologies Lab','MAJOR',1,1,10,NULL,1,5,2,13,0),(519,'C25CAA103T','Introduction to Web Technologies','MAJOR',1,3,20,NULL,1,5,2,13,0),(657,'C24BBA101T','Management Concepts and Principles','MAJOR',1,4,30,NULL,1,14,3,27,0),(658,'C24BBA102T','Psychology and Sociology in the Business Context','MAJOR',1,4,30,NULL,1,14,3,27,0),(659,'C24BBA103T','Fundamentals of Accounting','MAJOR',1,4,30,NULL,1,14,3,27,0),(661,'U25ENG111T','Indian Feminist Thought','MAJOR',1,2,15,NULL,2,8,1,1,0),(662,'U25ENG101T','British Literature 1550-1660','MAJOR',1,4,30,NULL,2,8,1,1,0),(663,'U25ENG102T','British Literature 1660-1798','MAJOR',1,4,30,NULL,2,8,1,1,0),(664,'U25ENG103T','British Literature 1798-1914','MAJOR',1,4,30,NULL,2,8,1,1,0),(665,'U25ENG104T','British Literature 1914-2000','MAJOR',1,4,30,NULL,2,8,1,1,0),(666,'U25ENG105T','Literary Criticism-I','MAJOR',1,4,30,NULL,2,8,1,1,0),(674,'U25MAT111T','Classical Mechanics','MAJOR',1,4,30,NULL,2,11,2,14,0),(675,'U25MAT112T','Dynamical Systems','MAJOR',1,4,30,NULL,2,11,2,14,0),(676,'U25MAT113T','Combinatorics','MAJOR',1,4,30,NULL,2,11,2,14,0),(677,'U25MAT101T','Abstract Algebra-I','MAJOR',1,4,30,NULL,2,11,2,14,0),(678,'U25MAT102T','Real Analysis','MAJOR',1,4,30,NULL,2,11,2,14,0),(679,'U25MAT103T','Ordinary Differential Equation-I','MAJOR',1,4,30,NULL,2,11,2,14,0),(680,'U25MAT104T','Complex Analysis-I','MAJOR',1,4,30,NULL,2,11,2,14,0),(681,'U25MAT105P','Mathematical Computing Lab MATLAB-I','MAJOR',1,2,15,NULL,2,11,2,14,0),(685,'U25HIN111T','Haryanavi Bhasha aur Sahitay','MAJOR',1,2,15,NULL,2,9,1,2,0),(686,'U25HIN112T','Anuvad Vigyan','MAJOR',1,2,15,NULL,2,9,1,2,0),(687,'U25HIN101T','Bhasha Vigyan','MAJOR',1,4,30,NULL,2,9,1,2,0),(688,'U25HIN102T','Hindi Sahitya ka Itihas (Aadikaal de Bhaktikaal)','MAJOR',1,4,30,NULL,2,9,1,2,0),(689,'U25HIN103T','Adhunik Gadh Sahitya','MAJOR',1,4,30,NULL,2,9,1,2,0),(690,'U25HIN104T','Adhunik Hindi Kavya','MAJOR',1,4,30,NULL,2,9,1,2,0),(691,'U25HIN105T','Patrakarita Parshikshan','MAJOR',1,4,30,NULL,2,9,1,2,0),(693,'U25ZOO111T','Fish, Fisheries and Aquaculture','MAJOR',1,4,30,NULL,2,12,2,18,0),(694,'U25ZOO112T','Biosystematics and Computational Biology','MAJOR',1,4,30,NULL,2,12,2,18,0),(695,'U25ZOO113T','Animal Behaviour and Wildlife Conservation','MAJOR',1,4,30,NULL,2,12,2,18,0),(696,'U25ZOO101T','Cell Biology and Genetics','MAJOR',1,4,30,NULL,2,12,2,18,0),(697,'U25ZOO102T','Biochemistry and Biotechniques','MAJOR',1,4,30,NULL,2,12,2,18,0),(698,'U25ZOO103T','Biology of Invertebrates','MAJOR',1,4,30,NULL,2,12,2,18,0),(699,'U25ZOO104P','Practical-I','MAJOR',1,3,25,NULL,2,12,2,18,0),(700,'U25ZOO105P','Practical-II','MAJOR',1,3,25,NULL,2,12,2,18,0),(703,'P25YOG101T','Fundamentals of Yoga','MAJOR',1,4,30,NULL,2,10,1,6,0),(704,'P25YOG102T','Principles of Hathpradipka & Gherand Samhita','MAJOR',1,4,30,NULL,2,10,1,6,0),(705,'P25YOG103T','Yogic Diet and Nutrition','MAJOR',1,4,30,NULL,2,10,1,6,0),(706,'P25YOG104T','Human Anatomy & Physiology of Yogic Practices','MAJOR',1,4,30,NULL,2,10,1,6,0),(707,'P25YOG105P','Yoga Practical-I Lab','MAJOR',1,3,25,NULL,2,10,1,6,0),(708,'P25YOG106P','Yoga Practical-II Lab','MAJOR',1,3,25,NULL,2,10,1,6,0),(709,'U25MOC101T','Management Process and Organizational Behaviour','MAJOR',1,4,30,NULL,2,13,3,22,0),(710,'U25MOC102T','Developmental Studies','MAJOR',1,4,30,NULL,2,13,3,22,0),(711,'U25MOC103T','Managerial Economics','MAJOR',1,4,30,NULL,2,13,3,22,0),(712,'U25MOC104T','Financial Accounting and ESG Reporting','MAJOR',1,4,30,NULL,2,13,3,22,0),(713,'U25MOC105T','Business Statistics','MAJOR',1,4,30,NULL,2,13,3,22,0),(714,'U25MOC106T','Technology in Business','MAJOR',1,4,30,NULL,2,13,3,22,0),(753,'P25VAC103T(i)','Political Economy of India','VAC',1,2,15,NULL,2,NULL,NULL,8,0),(754,'P25VAC106T','Foundation of Human Values','VAC',1,2,15,NULL,2,NULL,NULL,98,0),(755,'P25VAC109T','Yoga Philosophy and Practices','VAC',1,2,15,NULL,2,NULL,NULL,6,0),(756,'U25VAC109T','Human Values and Ethics in Business','VAC',1,2,15,NULL,2,NULL,NULL,22,0),(757,'U25VAC114T','Academic Writing','VAC',1,2,15,NULL,2,NULL,NULL,1,0),(758,'U25VAC117T','Disaster Management','VAC',1,2,15,NULL,2,NULL,NULL,98,0),(759,'U25VAC118T','Hindi Kahaniyo mein Manviye Mulay','VAC',1,2,15,NULL,2,NULL,NULL,2,0),(760,'U25VAC102T','Human Values and Character Strengths','VAC',1,2,15,NULL,2,NULL,NULL,98,0),(761,'U25VAC115T(i)','Natural Resources and Biodiversity','VAC',1,2,15,NULL,2,NULL,NULL,30,0),(762,'U25VAC122T','Applications of Vedic Mathematics','VAC',1,2,15,NULL,2,NULL,NULL,14,0),(763,'U25VAC131T','गुरु जम्भेश्वर की शिक्षाएं','VAC',1,2,15,NULL,2,NULL,NULL,98,0),(764,'U25VAC115T(ii)','Environmental Issue and Sustainable Development','VAC',1,2,15,NULL,2,NULL,NULL,30,0),(765,'U25VAC129T','Wildlife and Conservation','VAC',1,2,15,NULL,2,NULL,NULL,18,0),(766,'P25VAC114T','Constitutional Rights of Indian Women','VAC',1,2,15,NULL,2,NULL,NULL,4,0),(767,'U25VAC111T','Political Economy of India','VAC',1,2,15,NULL,2,NULL,NULL,8,0),(768,'U25MOC201T','Corporate Financial Decisions and Policy','MAJOR',2,4,30,NULL,2,13,NULL,NULL,0),(769,'U25MOC202T','Human Resource Management','MAJOR',2,4,30,NULL,2,13,NULL,NULL,0),(770,'U25MOC203T','Research Methodology','MAJOR',2,4,30,NULL,2,13,NULL,NULL,0),(771,'U25MOC204T','Principles and Practices of Marketing','MAJOR',2,4,30,NULL,2,13,NULL,NULL,0),(772,'U25MOC211T','International Business: Theory and Practice','ELECTIVE',2,4,30,NULL,2,13,NULL,NULL,0),(773,'U25MOC212T','Corporate Governance and Business Ethics','ELECTIVE',2,4,30,NULL,2,13,NULL,NULL,0),(774,'U25MOC201S','Seminar','SEMINAR',2,2,15,NULL,2,13,NULL,NULL,0),(775,'U25VOC201I','Summer Internship','INTERNSHIP',2,4,0,NULL,2,13,NULL,NULL,0),(776,'U25MOC301T','Strategic Management','MAJOR',3,4,30,NULL,2,13,NULL,NULL,0),(777,'U25MOC302T','Business Legislation','MAJOR',3,4,30,NULL,2,13,NULL,NULL,0),(778,'U25MCF311T','Security Analysis & Portfolio Management','ELECTIVE_FINANCE',3,4,30,NULL,2,13,NULL,NULL,0),(779,'U25MCF312T','Personal Finance','ELECTIVE_FINANCE',3,4,30,NULL,2,13,NULL,NULL,0),(780,'U25MCF313T','Tax Planning and Corporate Financial Decisions','ELECTIVE_FINANCE',3,4,30,NULL,2,13,NULL,NULL,0),(781,'U25MCF314T','Fin-tech and Innovation in Banking','ELECTIVE_FINANCE',3,4,30,NULL,2,13,NULL,NULL,0),(782,'U25MCF315T','Foreign Exchange Management','ELECTIVE_FINANCE',3,4,30,NULL,2,13,NULL,NULL,0),(783,'U25MCH321T','Management of Industrial Relations','ELECTIVE_HR',3,4,30,NULL,2,13,NULL,NULL,0),(784,'U25MCH322T','Human Resource Planning and Development','ELECTIVE_HR',3,4,30,NULL,2,13,NULL,NULL,0),(785,'U25MCH323T','Compensation Management','ELECTIVE_HR',3,4,30,NULL,2,13,NULL,NULL,0),(786,'U25MCH324T','Leadership Dynamics and Group Processes','ELECTIVE_HR',3,4,30,NULL,2,13,NULL,NULL,0),(787,'U25MCH325T','Strategic Human Resource Management','ELECTIVE_HR',3,4,30,NULL,2,13,NULL,NULL,0),(788,'U25MCM331T','Consumer Behaviour','ELECTIVE_MARKETING',3,4,30,NULL,2,13,NULL,NULL,0),(789,'U25MCM332T','Marketing Research','ELECTIVE_MARKETING',3,4,30,NULL,2,13,NULL,NULL,0),(790,'U25MCM333T','Product and Brand Management','ELECTIVE_MARKETING',3,4,30,NULL,2,13,NULL,NULL,0),(791,'U25MCM334T','Integrated Marketing Communication Strategy','ELECTIVE_MARKETING',3,4,30,NULL,2,13,NULL,NULL,0),(792,'U25MCM335T','Sales and Distribution Management','ELECTIVE_MARKETING',3,4,30,NULL,2,13,NULL,NULL,0),(793,'U25OEC309T','Export Import Procedures and Documentation','OEC',3,2,15,NULL,2,13,NULL,NULL,0),(794,'U25MOC401','Comprehensive Viva-voce','MAJOR',4,4,0,NULL,2,13,NULL,NULL,0),(795,'U25MCF411T','Behavioural Finance','ELECTIVE_FINANCE',4,4,30,NULL,2,13,NULL,NULL,0),(796,'U25MCF412T','Financial and Commodity Derivatives','ELECTIVE_FINANCE',4,4,30,NULL,2,13,NULL,NULL,0),(797,'U25MCF413T','Multinational Financial Management','ELECTIVE_FINANCE',4,4,30,NULL,2,13,NULL,NULL,0),(798,'U25MCF414T','Project Planning and Financing','ELECTIVE_FINANCE',4,4,30,NULL,2,13,NULL,NULL,0),(799,'U25MCF415T','Financial Restructuring and Valuation','ELECTIVE_FINANCE',4,4,30,NULL,2,13,NULL,NULL,0),(800,'U25MCH421T','Performance Management','ELECTIVE_HR',4,4,30,NULL,2,13,NULL,NULL,0),(801,'U25MCH422T','Organisational Change and Development','ELECTIVE_HR',4,4,30,NULL,2,13,NULL,NULL,0),(802,'U25MCH423T','Counselling Skills for Managers','ELECTIVE_HR',4,4,30,NULL,2,13,NULL,NULL,0),(803,'U25MCH424T','Global Human Resource Management','ELECTIVE_HR',4,4,30,NULL,2,13,NULL,NULL,0),(804,'U25MCH425T','Labour Welfare, Laws, and Social Security','ELECTIVE_HR',4,4,30,NULL,2,13,NULL,NULL,0),(805,'U25MCM431T','Digital and Social Media Marketing','ELECTIVE_MARKETING',4,4,30,NULL,2,13,NULL,NULL,0),(806,'U25MCM432T','Customer Relationship Management','ELECTIVE_MARKETING',4,4,30,NULL,2,13,NULL,NULL,0),(807,'U25MCM433T','Logistics Management','ELECTIVE_MARKETING',4,4,30,NULL,2,13,NULL,NULL,0),(808,'U25MCM434T','Global Marketing','ELECTIVE_MARKETING',4,4,30,NULL,2,13,NULL,NULL,0),(809,'U25MCM435T','Industrial Marketing','ELECTIVE_MARKETING',4,4,30,NULL,2,13,NULL,NULL,0),(810,'U25SEC409T','Financial Literacy and Personal Finance','SEC',4,2,15,NULL,2,13,NULL,NULL,0),(811,'U25EEC409T','Soft Skills for Workplace Success','SEC',4,2,15,NULL,2,13,NULL,NULL,0),(812,'U25VOC409T','Banking and Financial Services Support','SEC',4,2,15,NULL,2,13,NULL,NULL,0),(813,'C24VAC102T','Yoga and Meditation','VAC',1,2,15,NULL,1,NULL,NULL,NULL,1),(814,'C24VAC103T','Constitutional Values and Fundamental Duties','VAC',1,2,15,NULL,1,NULL,NULL,NULL,1),(815,'C24VAC104T','Understanding India Through Literature','VAC',1,2,15,NULL,1,NULL,NULL,NULL,1),(816,'C24VAC105T','Biodiversity and Wildlife Management','VAC',1,2,15,NULL,1,NULL,NULL,NULL,1),(817,'C24VAC106T','Indian Social Reform','VAC',1,2,15,NULL,1,NULL,NULL,NULL,1),(818,'C24VAC107T','Media Ethics','VAC',1,2,15,NULL,1,NULL,NULL,NULL,1),(819,'C24VAC108T','History of Freedom Movement','VAC',1,2,15,NULL,1,NULL,NULL,NULL,1),(820,'C24VAC109T','Digital Empowerment','VAC',1,2,15,NULL,1,NULL,NULL,NULL,1),(821,'C24VAC110T','Basics of Indian Astronomy','VAC',1,2,15,NULL,1,NULL,NULL,NULL,1),(822,'C24VAC111T','Chemistry in Everyday Life','VAC',1,2,15,NULL,1,NULL,NULL,NULL,1),(823,'C24VAC112T','Business Etiquettes','VAC',1,2,15,NULL,1,NULL,NULL,NULL,1),(824,'C24VAC113T','Environmental Biotechnology','VAC',1,2,15,NULL,1,NULL,NULL,NULL,1),(825,'C24VAC114T','Contribution of Indian Mathematicians','VAC',1,2,15,NULL,1,NULL,NULL,NULL,1),(826,'C24VAC115T','Indian Polity and Economy','VAC',1,2,15,NULL,1,NULL,NULL,NULL,1),(827,'C24VAC116T','Geography of Wellbeing','VAC',1,2,15,NULL,1,NULL,NULL,NULL,1),(828,'C24VAC117T','Children\'s Literature','VAC',1,2,15,NULL,1,NULL,NULL,NULL,1),(829,'C24VAC118T','Basics of Medicinal Plants','VAC',1,2,15,NULL,1,NULL,NULL,NULL,1),(830,'C24VAC119T','Electronic Components and Measuring Instruments','VAC',1,2,15,NULL,1,NULL,NULL,NULL,1),(831,'C24VAC120T','Prarambhik Sanskrit Bhasha Gyanam','VAC',1,2,15,NULL,1,NULL,NULL,NULL,1),(832,'C24VAC121T','Psychology of Happiness and Well-being','VAC',1,2,15,NULL,1,NULL,NULL,NULL,1),(833,'C24VAC122T','E-Commerce','VAC',1,2,15,NULL,1,NULL,NULL,NULL,1),(834,'C24VAC123T','Human Values and Ethics','VAC',1,2,15,NULL,1,NULL,NULL,NULL,1),(835,'C24VAC124T','Marriage and Family Dynamics','VAC',1,2,15,NULL,1,NULL,NULL,NULL,1),(836,'C24VAC125T','Hindi Sahitya aur Manav Mulya','VAC',1,2,15,NULL,1,NULL,NULL,NULL,1),(837,'C24VAC126T','Music in Everyday Life','VAC',1,2,15,NULL,1,NULL,NULL,NULL,1),(838,'C24VAC101T','Environmental Studies-I','VAC',2,2,15,NULL,1,NULL,NULL,NULL,1),(839,'C24VAC301T','Environmental Studies-II','VAC',2,2,15,NULL,1,NULL,NULL,NULL,1),(840,'C24VAC102T','Yoga and Meditation','VAC',2,2,15,NULL,1,NULL,NULL,NULL,1),(841,'C24VAC103T','Constitutional Values and Fundamental Duties','VAC',2,2,15,NULL,1,NULL,NULL,NULL,1),(842,'C24VAC104T','Understanding India Through Literature','VAC',2,2,15,NULL,1,NULL,NULL,NULL,1),(843,'C24VAC105T','Biodiversity and Wildlife Management','VAC',2,2,15,NULL,1,NULL,NULL,NULL,1),(844,'C24VAC106T','Indian Social Reform','VAC',2,2,15,NULL,1,NULL,NULL,NULL,1),(845,'C24VAC107T','Media Ethics','VAC',2,2,15,NULL,1,NULL,NULL,NULL,1),(846,'C24VAC108T','History of Freedom Movement','VAC',2,2,15,NULL,1,NULL,NULL,NULL,1),(847,'C24VAC109T','Digital Empowerment','VAC',2,2,15,NULL,1,NULL,NULL,NULL,1),(848,'C24VAC110T','Basics of Indian Astronomy','VAC',2,2,15,NULL,1,NULL,NULL,NULL,1),(849,'C24VAC111T','Chemistry in Everyday Life','VAC',2,2,15,NULL,1,NULL,NULL,NULL,1),(850,'C24VAC112T','Business Etiquettes','VAC',2,2,15,NULL,1,NULL,NULL,NULL,1),(851,'C24VAC113T','Environmental Biotechnology','VAC',2,2,15,NULL,1,NULL,NULL,NULL,1),(852,'C24VAC114T','Contribution of Indian Mathematicians','VAC',2,2,15,NULL,1,NULL,NULL,NULL,1),(853,'C24VAC115T','Indian Polity and Economy','VAC',2,2,15,NULL,1,NULL,NULL,NULL,1),(854,'C24VAC116T','Geography of Wellbeing','VAC',2,2,15,NULL,1,NULL,NULL,NULL,1),(855,'C24VAC117T','Children\'s Literature','VAC',2,2,15,NULL,1,NULL,NULL,NULL,1),(856,'C24VAC118T','Basics of Medicinal Plants','VAC',2,2,15,NULL,1,NULL,NULL,NULL,1),(857,'C24VAC119T','Electronic Components and Measuring Instruments','VAC',2,2,15,NULL,1,NULL,NULL,NULL,1),(858,'C24VAC120T','Prarambhik Sanskrit Bhasha Gyanam','VAC',2,2,15,NULL,1,NULL,NULL,NULL,1),(859,'C24VAC121T','Psychology of Everyday Life','VAC',2,2,15,NULL,1,NULL,NULL,NULL,1),(860,'C24VAC122T','E-Commerce','VAC',2,2,15,NULL,1,NULL,NULL,NULL,1),(861,'C24VAC123T','Human Values and Ethics','VAC',2,2,15,NULL,1,NULL,NULL,NULL,1),(862,'C24VAC124T','Marriage and Family Dynamics','VAC',2,2,15,NULL,1,NULL,NULL,NULL,1),(863,'C24VAC125T','Hindi Sahitya aur Manav Mulya','VAC',2,2,15,NULL,1,NULL,NULL,NULL,1),(864,'C24VAC201T','The Healing Power of Music','VAC',2,2,15,NULL,1,NULL,NULL,NULL,1),(865,'C24VAC326T','Yoga and Ethics','VAC',3,2,15,NULL,1,NULL,NULL,NULL,0),(866,'C24VAC327T','Public Policy Governance in India','VAC',3,2,15,NULL,1,NULL,NULL,NULL,0),(868,'C24VAC301T','Environmental Studies-II','VAC',4,2,15,NULL,1,NULL,NULL,NULL,1),(869,'C24VAC302T','Indian Biodiversity','VAC',4,2,15,NULL,1,NULL,NULL,NULL,1),(870,'C24VAC303T','Communication Ethics','VAC',4,2,15,NULL,1,NULL,NULL,NULL,1),(871,'C24VAC304T','Physics in Everyday Life','VAC',4,2,15,NULL,1,NULL,NULL,NULL,1),(872,'C24VAC305T','Sustainable Development Goals','VAC',4,2,15,NULL,1,NULL,NULL,NULL,1),(873,'C24VAC306T','Introduction to Indian Scientists','VAC',4,2,15,NULL,1,NULL,NULL,NULL,1),(874,'C24VAC307T','Ecology and Environment-I','VAC',4,2,15,NULL,1,NULL,NULL,NULL,1),(875,'C24VAC308T','NCC Activities and Training','VAC',4,2,15,NULL,1,NULL,NULL,NULL,1),(876,'C24VAC309T','Plants in Everyday Life','VAC',4,2,15,NULL,1,NULL,NULL,NULL,1),(877,'C24VAC310T','NSS Activities and Training Programme','VAC',4,2,15,NULL,1,NULL,NULL,NULL,1),(878,'C24VAC311T','YRC Activities and First Aid Training','VAC',4,2,15,NULL,1,NULL,NULL,NULL,1),(879,'C24VAC312T','Sports and Nutrition','VAC',4,2,15,NULL,1,NULL,NULL,NULL,1),(880,'C24VAC313T','Internet Ethics','VAC',4,2,15,NULL,1,NULL,NULL,NULL,1),(881,'C24VAC315T','Ethics of Computer Science','VAC',4,2,15,NULL,1,NULL,NULL,NULL,1),(882,'C24VAC316T','Agricultural Biotechnology','VAC',4,2,15,NULL,1,NULL,NULL,NULL,1),(883,'C24VAC317T','Creative Writing','VAC',4,2,15,NULL,1,NULL,NULL,NULL,1),(884,'C24VAC318T','Cultural Geography of India','VAC',4,2,15,NULL,1,NULL,NULL,NULL,1),(885,'C24VAC319T','Indian Agriculture','VAC',4,2,15,NULL,1,NULL,NULL,NULL,1),(886,'C24VAC320T','Electronics Communication','VAC',4,2,15,NULL,1,NULL,NULL,NULL,1),(887,'C24VAC321T','Ethical Studies of Indian Tribes','VAC',4,2,15,NULL,1,NULL,NULL,NULL,1),(888,'C24VAC322T','Bharatiya Gyan Parampara evam Paddhati','VAC',4,2,15,NULL,1,NULL,NULL,NULL,1),(889,'C24VAC324T','Chemicals in Food: Additives, Agrochemicals and Vitamins','VAC',4,2,15,NULL,1,NULL,NULL,NULL,1),(890,'C24VAC325T','Tulsi Sahitya mein Manaviya Mulya','VAC',4,2,15,NULL,1,NULL,NULL,NULL,1),(891,'C24VAC327T','Public Policy Governance in India','VAC',4,2,15,NULL,1,NULL,NULL,NULL,1),(892,'C24VAC413T','Perspectives on Human Rights','VAC',4,2,15,NULL,1,NULL,NULL,NULL,1),(893,'C24VAC414T','Family Dynamics','VAC',4,2,15,NULL,1,NULL,NULL,NULL,1),(894,'C24VAC415T','Disaster Management','VAC',4,2,15,NULL,1,NULL,NULL,NULL,1),(895,'C24VAC416T','Resource Management and Ethics','VAC',4,2,15,NULL,1,NULL,NULL,NULL,1),(896,'C24VAC417T','Understanding Bharat Through Music','VAC',4,2,15,NULL,1,NULL,NULL,NULL,1),(897,'C24VAC419T','Yoga and Meditation - I','VAC',4,2,15,NULL,1,NULL,NULL,NULL,1),(898,'C25VAC423T','Ethics and Culture','VAC',4,2,15,NULL,1,NULL,NULL,NULL,1),(899,'C25VAC424T','Understanding State Budget','VAC',4,2,15,NULL,1,NULL,NULL,NULL,1),(900,'C24MDC305T','C Programming','MDC',3,2,15,NULL,1,NULL,NULL,NULL,1),(901,'C24MDC305P','C Programming Lab','MDC',3,1,10,NULL,1,NULL,NULL,NULL,1),(902,'C24MDC306Ti','Fundamentals of Insurance','MDC',3,3,20,NULL,1,NULL,NULL,NULL,1),(903,'C24MDC306Tii','Fundamentals of Startups and Entrepreneurship Development','MDC',3,3,20,NULL,1,NULL,NULL,NULL,1),(904,'C24MDC306Tiii','E-Commerce','MDC',3,3,20,NULL,1,NULL,NULL,NULL,1),(905,'C24MDC307T','Advertising Foundation-II','MDC',3,3,20,NULL,1,NULL,NULL,NULL,1),(906,'C24MDC307P','Basics of Advertising Lab','MDC',3,1,10,NULL,1,NULL,NULL,NULL,1),(907,'C24MDC308T','Area Study of Western Boundary States','MDC',3,3,20,NULL,1,NULL,NULL,NULL,1),(908,'C24MDC309T','Economics of Education','MDC',3,3,20,NULL,1,NULL,NULL,NULL,1),(909,'C24MDC310T','Writing for Digital Platforms','MDC',3,3,20,NULL,1,NULL,NULL,NULL,1),(910,'C24MDC311T','Basic Electronics Components and Devices','MDC',3,3,20,NULL,1,NULL,NULL,NULL,1),(911,'C24MDC312T','Clothing Care and Maintenance','MDC',3,3,20,NULL,1,NULL,NULL,NULL,1),(912,'C24MDC313T','Basics of Naturopathy','MDC',3,3,20,NULL,1,NULL,NULL,NULL,1),(913,'C24MDC313P','Naturopathy Lab','MDC',3,1,10,NULL,1,NULL,NULL,NULL,1),(914,'C24MDC314T','General Geography of World','MDC',3,3,20,NULL,1,NULL,NULL,NULL,1),(915,'C24MDC315T','Hindi Cinema aur uska Adhyayan','MDC',3,3,20,NULL,1,NULL,NULL,NULL,1),(916,'C24MDC316T','Cultural Heritage of Haryana','MDC',3,3,20,NULL,1,NULL,NULL,NULL,1),(917,'C24MDC317T','Basics of Food and Nutrition','MDC',3,3,20,NULL,1,NULL,NULL,NULL,1),(918,'C24MDC317P','Basics of Food and Nutrition Lab','MDC',3,1,10,NULL,1,NULL,NULL,NULL,1),(919,'C24MDC318T','Documentary Productions','MDC',3,3,20,NULL,1,NULL,NULL,NULL,1),(920,'C24MDC318P','Documentary Productions Lab','MDC',3,1,10,NULL,1,NULL,NULL,NULL,1),(921,'C24MDC319T','Fundamentals of Statistics','MDC',3,3,20,NULL,1,NULL,NULL,NULL,1),(922,'C24MDC320T','Fundamentals of Hindustani Music-I','MDC',3,3,20,NULL,1,NULL,NULL,NULL,1),(923,'C24MDC320P','Fundamentals of Hindustani Music-I Practical','MDC',3,1,10,NULL,1,NULL,NULL,NULL,1),(924,'C24MDC321T','Film Music','MDC',3,3,20,NULL,1,NULL,NULL,NULL,1),(925,'C24MDC321P','Film Music Lab','MDC',3,1,10,NULL,1,NULL,NULL,NULL,1),(926,'C25MDC322T','The Teaching of Raman Maharshi','MDC',3,3,20,NULL,1,NULL,NULL,NULL,1),(927,'C24MDC323T','Introductory Modern Physics','MDC',3,3,20,NULL,1,NULL,NULL,NULL,1),(928,'C24MDC324T','Indian Polity-III','MDC',3,3,20,NULL,1,NULL,NULL,NULL,1),(929,'C24MDC325T','Positive Psychology','MDC',3,3,20,NULL,1,NULL,NULL,NULL,1),(930,'C24MDC326T','Introduction to Indian Constitution','MDC',3,3,20,NULL,1,NULL,NULL,NULL,1),(931,'C24MDC327T','Kiratarjuniyam Nitishatakam cha','MDC',3,3,20,NULL,1,NULL,NULL,NULL,1),(932,'C24MDC328T','Contemporary Issues in Indian Society','MDC',3,3,20,NULL,1,NULL,NULL,NULL,1),(933,'C24MDC329T','Basics of Zoology-III','MDC',3,3,20,NULL,1,NULL,NULL,NULL,1),(934,'C24MDC329P','Basics of Zoology-III Lab','MDC',3,1,10,NULL,1,NULL,NULL,NULL,1),(935,'C24MDC330T','Atmospheric Chemistry','MDC',3,3,20,NULL,1,NULL,NULL,NULL,1),(936,'C24MDC331T','Botany in Everyday Life','MDC',3,3,20,NULL,1,NULL,NULL,NULL,1),(937,'C24MDC332T','C Programming','MDC',3,2,15,NULL,1,NULL,NULL,NULL,1),(938,'C24MDC332P','C Programming Lab','MDC',3,1,10,NULL,1,NULL,NULL,NULL,1),(939,'C24MDC334T','Fundamentals of Yoga-III','MDC',3,3,20,NULL,1,NULL,NULL,NULL,1),(940,'C24VOC301T','Business Administration Vocational-III','VOC',3,2,15,NULL,1,NULL,NULL,NULL,1),(941,'C24VOC301P','Business Administration Vocational-III Lab','VOC',3,2,15,NULL,1,NULL,NULL,NULL,1),(942,'C24VOC302T','Computer Science Vocational-III','VOC',3,2,15,NULL,1,NULL,NULL,NULL,1),(943,'C24VOC302P','Computer Science Vocational-III Lab','VOC',3,2,15,NULL,1,NULL,NULL,NULL,1),(944,'C24VOC303T','Commerce Vocational-III','VOC',3,2,15,NULL,1,NULL,NULL,NULL,1),(945,'C24VOC303P','Commerce Vocational-III Lab','VOC',3,2,15,NULL,1,NULL,NULL,NULL,1),(946,'C24VOC304T','Commercial Arts Vocational-III','VOC',3,2,15,NULL,1,NULL,NULL,NULL,1),(947,'C24VOC304P','Commercial Arts Vocational-III Lab','VOC',3,2,15,NULL,1,NULL,NULL,NULL,1),(948,'C24VOC305T','Defence Studies Vocational-III','VOC',3,2,15,NULL,1,NULL,NULL,NULL,1),(949,'C24VOC305P','Defence Studies Vocational-III Lab','VOC',3,2,15,NULL,1,NULL,NULL,NULL,1),(950,'C24VOC306T','Economics Vocational-III','VOC',3,2,15,NULL,1,NULL,NULL,NULL,1),(951,'C24VOC306P','Economics Vocational-III Lab','VOC',3,2,15,NULL,1,NULL,NULL,NULL,1),(952,'C24VOC307T','English Vocational-III','VOC',3,2,15,NULL,1,NULL,NULL,NULL,1),(953,'C24VOC308T','Fashion Designing Vocational-III','VOC',3,2,15,NULL,1,NULL,NULL,NULL,1),(954,'C24VOC308P','Fashion Designing Vocational-III Lab','VOC',3,2,15,NULL,1,NULL,NULL,NULL,1),(955,'C24VOC309T','Geography Vocational-III','VOC',3,2,15,NULL,1,NULL,NULL,NULL,1),(956,'C24VOC309P','Geography Vocational-III Lab','VOC',3,2,15,NULL,1,NULL,NULL,NULL,1),(957,'C24VOC310T','Health and Physical Education Vocational-III','VOC',3,2,15,NULL,1,NULL,NULL,NULL,1),(958,'C24VOC310P','Health and Physical Education Vocational-III Lab','VOC',3,2,15,NULL,1,NULL,NULL,NULL,1),(959,'C24VOC311T','Hindi Vocational-III','VOC',3,2,15,NULL,1,NULL,NULL,NULL,1),(960,'C24VOC311P','Hindi Vocational-III Lab','VOC',3,2,15,NULL,1,NULL,NULL,NULL,1),(961,'C24VOC312T','History Vocational-III','VOC',3,2,15,NULL,1,NULL,NULL,NULL,1),(962,'C24VOC313T','Home Science Vocational-III','VOC',3,2,15,NULL,1,NULL,NULL,NULL,1),(963,'C24VOC313P','Home Science Vocational-III Lab','VOC',3,2,15,NULL,1,NULL,NULL,NULL,1),(964,'C24VOC314T','Mass Communication Vocational-III','VOC',3,2,15,NULL,1,NULL,NULL,NULL,1),(965,'C24VOC314P','Mass Communication Vocational-III Lab','VOC',3,2,15,NULL,1,NULL,NULL,NULL,1),(966,'C24VOC315T','Mathematics Vocational-III','VOC',3,2,15,NULL,1,NULL,NULL,NULL,1),(967,'C24VOC315P','Mathematics Vocational-III Lab','VOC',3,2,15,NULL,1,NULL,NULL,NULL,1),(968,'C24VOC316T','Music Instrumental Vocational-III','VOC',3,2,15,NULL,1,NULL,NULL,NULL,1),(969,'C24VOC316P','Music Instrumental Vocational-III Lab','VOC',3,2,15,NULL,1,NULL,NULL,NULL,1),(970,'C24VOC317T','Music Vocal Vocational-III','VOC',3,2,15,NULL,1,NULL,NULL,NULL,1),(971,'C24VOC317P','Music Vocal Vocational-III Lab','VOC',3,2,15,NULL,1,NULL,NULL,NULL,1),(972,'C24VOC318T','Philosophy Vocational-III','VOC',3,2,15,NULL,1,NULL,NULL,NULL,1),(973,'C24VOC318P','Philosophy Vocational-III Lab','VOC',3,2,15,NULL,1,NULL,NULL,NULL,1),(974,'C24VOC319T','Political Science Vocational-III','VOC',3,2,15,NULL,1,NULL,NULL,NULL,1),(975,'C24VOC319P','Political Science Vocational-III Lab','VOC',3,2,15,NULL,1,NULL,NULL,NULL,1),(976,'C24VOC320T','Psychology Vocational-III','VOC',3,2,15,NULL,1,NULL,NULL,NULL,1),(977,'C24VOC320P','Psychology Vocational-III Lab','VOC',3,2,15,NULL,1,NULL,NULL,NULL,1),(978,'C24VOC321T','Fundamentals of Indian Constitution','VOC',3,2,15,NULL,1,NULL,NULL,NULL,1),(979,'C24VOC321P','Fundamentals of Indian Constitution Lab','VOC',3,2,15,NULL,1,NULL,NULL,NULL,1),(980,'C24VOC322T','Sanskrit Vocational-III','VOC',3,2,15,NULL,1,NULL,NULL,NULL,1),(981,'C24VOC322P','Sanskrit Vocational-III Lab','VOC',3,2,15,NULL,1,NULL,NULL,NULL,1),(982,'C24VOC323T','Rural Sociology','VOC',3,2,15,NULL,1,NULL,NULL,NULL,1),(983,'C24VOC323P','Rural Sociology Field Work','VOC',3,2,15,NULL,1,NULL,NULL,NULL,1),(984,'C24VOC324T','Computer Application Vocational-III','VOC',3,2,15,NULL,1,NULL,NULL,NULL,1),(985,'C24VOC324P','Computer Application Vocational-III Lab','VOC',3,2,15,NULL,1,NULL,NULL,NULL,1),(986,'C24VOC325T','Human System according to Yoga','VOC',3,2,15,NULL,1,NULL,NULL,NULL,1),(987,'C24VOC325P','Human System according to Yoga Lab','VOC',3,2,15,NULL,1,NULL,NULL,NULL,1),(988,'C24VOC331T','Analytical Methods for Detection of Water and Soil Pollution','VOC',3,2,15,NULL,1,NULL,NULL,NULL,1),(989,'C24VOC331P','Analytical Methods for Detection of Water and Soil Pollution Lab','VOC',3,2,15,NULL,1,NULL,NULL,NULL,1),(990,'C24VOC332T','Electronics Vocational-III','VOC',3,2,15,NULL,1,NULL,NULL,NULL,1),(991,'C24VOC332P','Electronics Vocational-III Lab','VOC',3,2,15,NULL,1,NULL,NULL,NULL,1),(992,'C24VOC333T','Thermodynamics','VOC',3,2,15,NULL,1,NULL,NULL,NULL,1),(993,'C24VOC333P','Thermodynamics Lab','VOC',3,2,15,NULL,1,NULL,NULL,NULL,1),(994,'C24VOC341T','Biotechnology Vocational-III','VOC',3,2,15,NULL,1,NULL,NULL,NULL,1),(995,'C24VOC341P','Biotechnology Vocational-III Lab','VOC',3,2,15,NULL,1,NULL,NULL,NULL,1),(996,'C24VOC342T','Botany Vocational-III','VOC',3,2,15,NULL,1,NULL,NULL,NULL,1),(997,'C24VOC342P','Botany Vocational-III Lab','VOC',3,2,15,NULL,1,NULL,NULL,NULL,1),(998,'C24VOC343T','Animal Taxonomy','VOC',3,2,15,NULL,1,NULL,NULL,NULL,1),(999,'C24VOC343P','Animal Taxonomy Lab','VOC',3,2,15,NULL,1,NULL,NULL,NULL,1),(1000,'C24VOC401T','Business Administration Vocational-IV','VOC',4,2,15,NULL,1,NULL,NULL,NULL,1),(1001,'C24VOC401P','Business Administration Vocational-IV Lab','VOC',4,2,15,NULL,1,NULL,NULL,NULL,1),(1002,'C24VOC402T','Basics of Programming Using R','VOC',4,2,15,NULL,1,NULL,NULL,NULL,1),(1003,'C24VOC402P','R Programming Lab','VOC',4,2,15,NULL,1,NULL,NULL,NULL,1),(1004,'C24VOC403T','Goods and Service Tax','VOC',4,2,15,NULL,1,NULL,NULL,NULL,1),(1005,'C24VOC403P','Goods and Service Tax Lab','VOC',4,2,15,NULL,1,NULL,NULL,NULL,1),(1006,'C24VOC404T','Advertising Foundation-IV','VOC',4,2,15,NULL,1,NULL,NULL,NULL,1),(1007,'C24VOC404P','Commercial Arts Lab-II','VOC',4,2,15,NULL,1,NULL,NULL,NULL,1),(1008,'C24VOC405T','Area Study of North-East India','VOC',4,2,15,NULL,1,NULL,NULL,NULL,1),(1009,'C24VOC405P','Area Study of North-East India Lab','VOC',4,2,15,NULL,1,NULL,NULL,NULL,1),(1010,'C24VOC406T','Indian Statistical System','VOC',4,2,15,NULL,1,NULL,NULL,NULL,1),(1011,'C24VOC406P','Indian Statistical System Lab','VOC',4,2,15,NULL,1,NULL,NULL,NULL,1),(1012,'C24VOC407T','International English Language Proficiency','VOC',4,2,15,NULL,1,NULL,NULL,NULL,1),(1013,'C24VOC407P','International English Language Proficiency Practical','VOC',4,2,15,NULL,1,NULL,NULL,NULL,1),(1014,'C24VOC408T','Pattern Making and Garment Construction','VOC',4,2,15,NULL,1,NULL,NULL,NULL,1),(1015,'C24VOC408P','Pattern Making and Garment Construction Lab','VOC',4,2,15,NULL,1,NULL,NULL,NULL,1),(1016,'C24VOC409T','Digital Cartography','VOC',4,2,15,NULL,1,NULL,NULL,NULL,1),(1017,'C24VOC409P','Digital Cartography Lab','VOC',4,2,15,NULL,1,NULL,NULL,NULL,1),(1018,'C24VOC410T','Physical Education and Sports','VOC',4,2,15,NULL,1,NULL,NULL,NULL,1),(1019,'C24VOC410P','Physical Education and Physical Fitness','VOC',4,2,15,NULL,1,NULL,NULL,NULL,1),(1020,'C24VOC411T','Vigyapan aur Hindi Bhasha-4','VOC',4,2,15,NULL,1,NULL,NULL,NULL,1),(1021,'C24VOC411P','Print evam Electronic Madhyam ke liye Vigyapan','VOC',4,2,15,NULL,1,NULL,NULL,NULL,1),(1022,'C24VOC412T','Medieval World','VOC',4,2,15,NULL,1,NULL,NULL,NULL,1),(1023,'C24VOC412P','Medieval World Lab','VOC',4,2,15,NULL,1,NULL,NULL,NULL,1),(1024,'C24VOC413T','Traditional Embroideries of India','VOC',4,2,15,NULL,1,NULL,NULL,NULL,1),(1025,'C24VOC413P','Traditional Embroideries of India Lab','VOC',4,2,15,NULL,1,NULL,NULL,NULL,1),(1026,'C24VOC414T','Photography and Videography','VOC',4,2,15,NULL,1,NULL,NULL,NULL,1),(1027,'C24VOC414P','Photography and Videography Lab','VOC',4,2,15,NULL,1,NULL,NULL,NULL,1),(1028,'C24VOC415T','Mathematics Vocational-IV','VOC',4,2,15,NULL,1,NULL,NULL,NULL,1),(1029,'C24VOC415P','Mathematics Vocational-IV Lab','VOC',4,2,15,NULL,1,NULL,NULL,NULL,1),(1030,'C24VOC416T','Conceptual Approach to Hindustani Music-II','VOC',4,2,15,NULL,1,NULL,NULL,NULL,1),(1031,'C24VOC416P','Conceptual Approach to Hindustani Music-II Practical','VOC',4,2,15,NULL,1,NULL,NULL,NULL,1),(1032,'C24VOC417T','Conceptual Approach to Hindustani Music Vocal','VOC',4,2,15,NULL,1,NULL,NULL,NULL,1),(1033,'C24VOC417P','Conceptual Approach to Hindustani Music Vocal Lab','VOC',4,2,15,NULL,1,NULL,NULL,NULL,1),(1034,'C24VOC418T','Applied Ethics','VOC',4,2,15,NULL,1,NULL,NULL,NULL,1),(1035,'C24VOC418P','Applied Ethics Case based Project Report','VOC',4,2,15,NULL,1,NULL,NULL,NULL,1),(1036,'C24VOC419T','Perspective in Democracy','VOC',4,2,15,NULL,1,NULL,NULL,NULL,1),(1037,'C24VOC419P','Perspective in Democracy Report Writing','VOC',4,2,15,NULL,1,NULL,NULL,NULL,1),(1038,'C24VOC420T','Psychology Vocational-IV','VOC',4,2,15,NULL,1,NULL,NULL,NULL,1),(1039,'C24VOC420P','Psychology Vocational-IV Lab','VOC',4,2,15,NULL,1,NULL,NULL,NULL,1),(1040,'C24VOC421T','State Administration in India','VOC',4,2,15,NULL,1,NULL,NULL,NULL,1),(1041,'C24VOC421P','State Administration in India Field Visit and Report','VOC',4,2,15,NULL,1,NULL,NULL,NULL,1),(1042,'C24VOC422T','Aadhunik Sanskrit Sahityam','VOC',4,2,15,NULL,1,NULL,NULL,NULL,1),(1043,'C24VOC422P','Bharatiya Sanskritik Gyan','VOC',4,2,15,NULL,1,NULL,NULL,NULL,1),(1044,'C24VOC423T','Industrial Sociology','VOC',4,2,15,NULL,1,NULL,NULL,NULL,1),(1045,'C24VOC423P','Industrial Sociology Field Work and Report Writing','VOC',4,2,15,NULL,1,NULL,NULL,NULL,1),(1046,'C24VOC425T','Hatha Yoga','VOC',4,2,15,NULL,1,NULL,NULL,NULL,1),(1047,'C24VOC425P','Hatha Yoga Lab','VOC',4,2,15,NULL,1,NULL,NULL,NULL,1),(1048,'C24VOC431T','Cosmetic Chemistry','VOC',4,2,15,NULL,1,NULL,NULL,NULL,1),(1049,'C24VOC431P','Cosmetic Chemistry Lab','VOC',4,2,15,NULL,1,NULL,NULL,NULL,1),(1050,'C24VOC432T','Electronics Vocational-IV','VOC',4,2,15,NULL,1,NULL,NULL,NULL,1),(1051,'C24VOC432P','Electronics Vocational-IV Lab','VOC',4,2,15,NULL,1,NULL,NULL,NULL,1),(1052,'C24VOC433T','Introduction to Optics','VOC',4,2,15,NULL,1,NULL,NULL,NULL,1),(1053,'C24VOC433P','Introduction to Optics Lab','VOC',4,2,15,NULL,1,NULL,NULL,NULL,1),(1054,'C24VOC443T','Animal Behaviour','VOC',4,2,15,NULL,1,NULL,NULL,NULL,1),(1055,'C24VOC443P','Animal Behaviour Lab','VOC',4,2,15,NULL,1,NULL,NULL,NULL,1),(1056,'C24VOC501T','Business Administration Vocational-V','VOC',5,2,15,NULL,1,NULL,NULL,NULL,1),(1057,'C24VOC501P','Business Administration Vocational-V Lab','VOC',5,2,15,NULL,1,NULL,NULL,NULL,1),(1058,'C24VOC502T','Computer Science Vocational-V','VOC',5,2,15,NULL,1,NULL,NULL,NULL,1),(1059,'C24VOC502P','Computer Science Vocational-V Lab','VOC',5,2,15,NULL,1,NULL,NULL,NULL,1),(1060,'C24VOC503T','Computerized Accounting System','VOC',5,2,15,NULL,1,NULL,NULL,NULL,1),(1061,'C24VOC503P','Computerized Accounting System Lab','VOC',5,2,15,NULL,1,NULL,NULL,NULL,1),(1062,'C24VOC504T','Commercial Arts Vocational-V','VOC',5,2,15,NULL,1,NULL,NULL,NULL,1),(1063,'C24VOC504P','Commercial Arts Vocational-V Lab','VOC',5,2,15,NULL,1,NULL,NULL,NULL,1),(1064,'C24VOC505T','Defence Studies Vocational-V','VOC',5,2,15,NULL,1,NULL,NULL,NULL,1),(1065,'C24VOC505P','Defence Studies Vocational-V Lab','VOC',5,2,15,NULL,1,NULL,NULL,NULL,1),(1066,'C24VOC506T','Primary Survey and Data Collection','VOC',5,2,15,NULL,1,NULL,NULL,NULL,1),(1067,'C24VOC506P','Primary Survey and Data Collection Lab','VOC',5,2,15,NULL,1,NULL,NULL,NULL,1),(1068,'C24VOC507T','English Vocational-V','VOC',5,2,15,NULL,1,NULL,NULL,NULL,1),(1069,'C24VOC507P','English Vocational-V Lab','VOC',5,2,15,NULL,1,NULL,NULL,NULL,1),(1070,'C24VOC508T','Fashion Designing Vocational-V','VOC',5,2,15,NULL,1,NULL,NULL,NULL,1),(1071,'C24VOC508P','Fashion Designing Vocational-V Lab','VOC',5,2,15,NULL,1,NULL,NULL,NULL,1),(1072,'C24VOC509T','Geography Vocational-V','VOC',5,2,15,NULL,1,NULL,NULL,NULL,1),(1073,'C24VOC509P','Geography Vocational-V Lab','VOC',5,2,15,NULL,1,NULL,NULL,NULL,1),(1074,'C24VOC510T','Health and Physical Education Vocational-V','VOC',5,2,15,NULL,1,NULL,NULL,NULL,1),(1075,'C24VOC510P','Health and Physical Education Vocational-V Lab','VOC',5,2,15,NULL,1,NULL,NULL,NULL,1),(1076,'C24VOC511T','Hindi Vocational-V','VOC',5,2,15,NULL,1,NULL,NULL,NULL,1),(1077,'C24VOC511P','Hindi Vocational-V Lab','VOC',5,2,15,NULL,1,NULL,NULL,NULL,1),(1078,'C24VOC512T','History Vocational-V','VOC',5,2,15,NULL,1,NULL,NULL,NULL,1),(1079,'C24VOC512P','History Vocational-V Lab','VOC',5,2,15,NULL,1,NULL,NULL,NULL,1),(1080,'C24VOC513T','Home Science Vocational-V','VOC',5,2,15,NULL,1,NULL,NULL,NULL,1),(1081,'C24VOC513P','Home Science Vocational-V Lab','VOC',5,2,15,NULL,1,NULL,NULL,NULL,1),(1082,'C24VOC514T','Mass Communication Vocational-V','VOC',5,2,15,NULL,1,NULL,NULL,NULL,1),(1083,'C24VOC514P','Mass Communication Vocational-V Lab','VOC',5,2,15,NULL,1,NULL,NULL,NULL,1),(1084,'C24VOC515T','Mathematics Vocational-V','VOC',5,2,15,NULL,1,NULL,NULL,NULL,1),(1085,'C24VOC515P','Mathematics Vocational-V Lab','VOC',5,2,15,NULL,1,NULL,NULL,NULL,1),(1086,'C24VOC516T','Music Instrumental Vocational-V','VOC',5,2,15,NULL,1,NULL,NULL,NULL,1),(1087,'C24VOC516P','Music Instrumental Vocational-V Lab','VOC',5,2,15,NULL,1,NULL,NULL,NULL,1),(1088,'C24VOC517T','Music Vocal Vocational-V','VOC',5,2,15,NULL,1,NULL,NULL,NULL,1),(1089,'C24VOC517P','Music Vocal Vocational-V Lab','VOC',5,2,15,NULL,1,NULL,NULL,NULL,1),(1090,'C24VOC518T','Philosophy Vocational-V','VOC',5,2,15,NULL,1,NULL,NULL,NULL,1),(1091,'C24VOC518P','Philosophy Vocational-V Lab','VOC',5,2,15,NULL,1,NULL,NULL,NULL,1),(1092,'C24VOC519T','Political Science Vocational-V','VOC',5,2,15,NULL,1,NULL,NULL,NULL,1),(1093,'C24VOC519P','Political Science Vocational-V Lab','VOC',5,2,15,NULL,1,NULL,NULL,NULL,1),(1094,'C24VOC520T','Psychology Vocational-V','VOC',5,2,15,NULL,1,NULL,NULL,NULL,1),(1095,'C24VOC520P','Psychology Vocational-V Lab','VOC',5,2,15,NULL,1,NULL,NULL,NULL,1),(1096,'C24VOC521T','Public Administration Vocational-V','VOC',5,2,15,NULL,1,NULL,NULL,NULL,1),(1097,'C24VOC521P','Public Administration Vocational-V Lab','VOC',5,2,15,NULL,1,NULL,NULL,NULL,1),(1098,'C24VOC522T','Sanskrit Vocational-V','VOC',5,2,15,NULL,1,NULL,NULL,NULL,1),(1099,'C24VOC522P','Sanskrit Vocational-V Lab','VOC',5,2,15,NULL,1,NULL,NULL,NULL,1),(1100,'C24VOC523T','Sociology Vocational-V','VOC',5,2,15,NULL,1,NULL,NULL,NULL,1),(1101,'C24VOC523P','Sociology Vocational-V Lab','VOC',5,2,15,NULL,1,NULL,NULL,NULL,1),(1102,'C24VOC531T','Chemistry of Oils, Fats and Everyday Compounds','VOC',5,2,15,NULL,1,NULL,NULL,NULL,1),(1103,'C24VOC531P','Chemistry of Oils, Fats and Everyday Compounds Lab','VOC',5,2,15,NULL,1,NULL,NULL,NULL,1),(1104,'C24VOC532T','Electronics Vocational-V','VOC',5,2,15,NULL,1,NULL,NULL,NULL,1),(1105,'C24VOC532P','Electronics Vocational-V Lab','VOC',5,2,15,NULL,1,NULL,NULL,NULL,1),(1106,'C24VOC533T','Physics Vocational-V','VOC',5,2,15,NULL,1,NULL,NULL,NULL,1),(1107,'C24VOC533P','Physics Vocational-V Lab','VOC',5,2,15,NULL,1,NULL,NULL,NULL,1),(1108,'C24VOC543T','Pest Management','VOC',5,2,15,NULL,1,NULL,NULL,NULL,1),(1109,'C24VOC543P','Pest Management Lab','VOC',5,2,15,NULL,1,NULL,NULL,NULL,1),(1110,'C24VOC601T','Business Administration Vocational-VI','VOC',6,2,15,NULL,1,NULL,NULL,NULL,1),(1111,'C24VOC601P','Business Administration Vocational-VI Lab','VOC',6,2,15,NULL,1,NULL,NULL,NULL,1),(1112,'C24VOC602T','Data Analytics','VOC',6,2,15,NULL,1,NULL,NULL,NULL,1),(1113,'C24VOC602P','Data Analytics Lab','VOC',6,2,15,NULL,1,NULL,NULL,NULL,1),(1114,'C24VOC603T','Application of Artificial Intelligence in Business','VOC',6,2,15,NULL,1,NULL,NULL,NULL,1),(1115,'C24VOC603P','Application of AI in Business Lab','VOC',6,2,15,NULL,1,NULL,NULL,NULL,1),(1116,'C24VOC604T','Commercial Arts Vocational-VI','VOC',6,2,15,NULL,1,NULL,NULL,NULL,1),(1117,'C24VOC604P','Commercial Arts Vocational-VI Lab','VOC',6,2,15,NULL,1,NULL,NULL,NULL,1),(1118,'C24VOC605T','Defence Studies Vocational-VI','VOC',6,2,15,NULL,1,NULL,NULL,NULL,1),(1119,'C24VOC605P','Defence Studies Vocational-VI Lab','VOC',6,2,15,NULL,1,NULL,NULL,NULL,1),(1120,'C24VOC606T','Data Analysis','VOC',6,2,15,NULL,1,NULL,NULL,NULL,1),(1121,'C24VOC606P','Data Analysis Lab','VOC',6,2,15,NULL,1,NULL,NULL,NULL,1),(1122,'C24VOC607T','English Vocational-VI','VOC',6,2,15,NULL,1,NULL,NULL,NULL,1),(1123,'C24VOC607P','English Vocational-VI Lab','VOC',6,2,15,NULL,1,NULL,NULL,NULL,1),(1124,'C24VOC608T','Fashion Designing Vocational-VI','VOC',6,2,15,NULL,1,NULL,NULL,NULL,1),(1125,'C24VOC608P','Fashion Designing Vocational-VI Lab','VOC',6,2,15,NULL,1,NULL,NULL,NULL,1),(1126,'C24VOC609T','Geography Vocational-VI','VOC',6,2,15,NULL,1,NULL,NULL,NULL,1),(1127,'C24VOC609P','Geography Vocational-VI Lab','VOC',6,2,15,NULL,1,NULL,NULL,NULL,1),(1128,'C24VOC610T','Health and Physical Education Vocational-VI','VOC',6,2,15,NULL,1,NULL,NULL,NULL,1),(1129,'C24VOC610P','Health and Physical Education Vocational-VI Lab','VOC',6,2,15,NULL,1,NULL,NULL,NULL,1),(1130,'C24VOC611T','Hindi Vocational-VI','VOC',6,2,15,NULL,1,NULL,NULL,NULL,1),(1131,'C24VOC611P','Hindi Vocational-VI Lab','VOC',6,2,15,NULL,1,NULL,NULL,NULL,1),(1132,'C24VOC612T','History Vocational-VI','VOC',6,2,15,NULL,1,NULL,NULL,NULL,1),(1133,'C24VOC612P','History Vocational-VI Lab','VOC',6,2,15,NULL,1,NULL,NULL,NULL,1),(1134,'C24VOC613T','Home Science Vocational-VI','VOC',6,2,15,NULL,1,NULL,NULL,NULL,1),(1135,'C24VOC613P','Home Science Vocational-VI Lab','VOC',6,2,15,NULL,1,NULL,NULL,NULL,1),(1136,'C24VOC614T','Mass Communication Vocational-VI','VOC',6,2,15,NULL,1,NULL,NULL,NULL,1),(1137,'C24VOC614P','Mass Communication Vocational-VI Lab','VOC',6,2,15,NULL,1,NULL,NULL,NULL,1),(1138,'C24VOC615T','Mathematics Vocational-VI','VOC',6,2,15,NULL,1,NULL,NULL,NULL,1),(1139,'C24VOC615P','Mathematics Vocational-VI Lab','VOC',6,2,15,NULL,1,NULL,NULL,NULL,1),(1140,'C24VOC616T','Music Instrumental Vocational-VI','VOC',6,2,15,NULL,1,NULL,NULL,NULL,1),(1141,'C24VOC616P','Music Instrumental Vocational-VI Lab','VOC',6,2,15,NULL,1,NULL,NULL,NULL,1),(1142,'C24VOC617T','Music Vocal Vocational-VI','VOC',6,2,15,NULL,1,NULL,NULL,NULL,1),(1143,'C24VOC617P','Music Vocal Vocational-VI Lab','VOC',6,2,15,NULL,1,NULL,NULL,NULL,1),(1144,'C24VOC618T','Philosophy Vocational-VI','VOC',6,2,15,NULL,1,NULL,NULL,NULL,1),(1145,'C24VOC618P','Philosophy Vocational-VI Lab','VOC',6,2,15,NULL,1,NULL,NULL,NULL,1),(1146,'C24VOC619T','Political Science Vocational-VI','VOC',6,2,15,NULL,1,NULL,NULL,NULL,1),(1147,'C24VOC619P','Political Science Vocational-VI Lab','VOC',6,2,15,NULL,1,NULL,NULL,NULL,1),(1148,'C24VOC620T','Psychology Vocational-VI','VOC',6,2,15,NULL,1,NULL,NULL,NULL,1),(1149,'C24VOC620P','Psychology Vocational-VI Lab','VOC',6,2,15,NULL,1,NULL,NULL,NULL,1),(1150,'C24VOC621T','Public Administration Vocational-VI','VOC',6,2,15,NULL,1,NULL,NULL,NULL,1),(1151,'C24VOC621P','Public Administration Vocational-VI Lab','VOC',6,2,15,NULL,1,NULL,NULL,NULL,1),(1152,'C24VOC622T','Sanskrit Vocational-VI','VOC',6,2,15,NULL,1,NULL,NULL,NULL,1),(1153,'C24VOC622P','Sanskrit Vocational-VI Lab','VOC',6,2,15,NULL,1,NULL,NULL,NULL,1),(1154,'C24VOC623T','Sociology Vocational-VI','VOC',6,2,15,NULL,1,NULL,NULL,NULL,1),(1155,'C24VOC623P','Sociology Vocational-VI Lab','VOC',6,2,15,NULL,1,NULL,NULL,NULL,1),(1156,'C24VOC631T','Food Adulteration','VOC',6,2,15,NULL,1,NULL,NULL,NULL,1),(1157,'C24VOC631P','Food Adulteration Lab','VOC',6,2,15,NULL,1,NULL,NULL,NULL,1),(1158,'C24VOC632T','Electronics Vocational-VI','VOC',6,2,15,NULL,1,NULL,NULL,NULL,1),(1159,'C24VOC632P','Electronics Vocational-VI Lab','VOC',6,2,15,NULL,1,NULL,NULL,NULL,1),(1160,'C24VOC633T','Physics Vocational-VI','VOC',6,2,15,NULL,1,NULL,NULL,NULL,1),(1161,'C24VOC633P','Physics Vocational-VI Lab','VOC',6,2,15,NULL,1,NULL,NULL,NULL,1),(1162,'C24VOC643T','Economic Zoology','VOC',6,2,15,NULL,1,NULL,NULL,NULL,1),(1163,'C24VOC643P','Economic Zoology Lab','VOC',6,2,15,NULL,1,NULL,NULL,NULL,1),(1164,'C24CAP201T','Object Oriented Programming using C++','MAJOR',2,3,20,NULL,1,4,2,NULL,0),(1165,'C24CAP201P','Object Oriented Programming using C++ Lab','MAJOR',2,1,10,NULL,1,4,2,NULL,0),(1166,'C24CAP202T','Data Structure and Applications','MAJOR',2,3,20,NULL,1,4,2,NULL,0),(1167,'C24CAP202P','Data Structure and Applications Lab','MAJOR',2,1,10,NULL,1,4,2,NULL,0),(1168,'C24CAP203T','Concepts of Operating Systems','MAJOR',2,3,20,NULL,1,4,2,NULL,0),(1169,'C24CAP203P','Concepts of Operating Systems Lab','MAJOR',2,1,10,NULL,1,4,2,NULL,0),(1170,'C24CAP301T','Java Programming','MAJOR',3,3,20,NULL,1,4,2,NULL,0),(1171,'C24CAP301P','Java Programming Lab','MAJOR',3,1,10,NULL,1,4,2,NULL,0),(1172,'C24CAP302T','Linux and Shell Programming','MAJOR',3,3,20,NULL,1,4,2,NULL,0),(1173,'C24CAP302P','Linux and Shell Programming Lab','MAJOR',3,1,10,NULL,1,4,2,NULL,0),(1174,'C24CAP303T','Database Technologies','MAJOR',3,3,20,NULL,1,4,2,NULL,0),(1175,'C24CAP303P','Database Technologies Lab','MAJOR',3,1,10,NULL,1,4,2,NULL,0),(1176,'C24CAP401T','Cloud Computing','MAJOR',4,3,20,NULL,1,4,2,NULL,0),(1177,'C24CAP401P','Cloud Computing Lab','MAJOR',4,1,10,NULL,1,4,2,NULL,0),(1178,'C24CAP402T','Front End Development','MAJOR',4,3,20,NULL,1,4,2,NULL,0),(1179,'C24CAP402P','Front End Development Lab','MAJOR',4,1,10,NULL,1,4,2,NULL,0),(1180,'C24CAP403T','Computer Graphics','MAJOR',4,3,20,NULL,1,4,2,NULL,0),(1181,'C24CAP403P','Computer Graphics Lab','MAJOR',4,1,10,NULL,1,4,2,NULL,0),(1182,'C24CAP501T','Software Engineering','MAJOR',5,3,20,NULL,1,4,2,NULL,0),(1183,'C24CAP501P','Software Engineering Lab','MAJOR',5,1,10,NULL,1,4,2,NULL,0),(1184,'C24CAP502T','Back-end Development','MAJOR',5,3,20,NULL,1,4,2,NULL,0),(1185,'C24CAP502P','Back-end Development Lab','MAJOR',5,1,10,NULL,1,4,2,NULL,0),(1186,'C24CAP503T','Network and Data Communications Technologies','MAJOR',5,3,20,NULL,1,4,2,NULL,0),(1187,'C24CAP503P','Network and Data Communications Technologies Lab','MAJOR',5,1,10,NULL,1,4,2,NULL,0),(1188,'C24CAP601T','Programming using Python','MAJOR',6,3,20,NULL,1,4,2,NULL,0),(1189,'C24CAP601P','Programming using Python Lab','MAJOR',6,1,10,NULL,1,4,2,NULL,0),(1190,'C24CAP602T','Advanced Web Development','MAJOR',6,3,20,NULL,1,4,2,NULL,0),(1191,'C24CAP602P','Advanced Web Development Lab','MAJOR',6,1,10,NULL,1,4,2,NULL,0),(1192,'C24CAP603T','Artificial Intelligence','MAJOR',6,3,20,NULL,1,4,2,NULL,0),(1193,'C24CAP603P','Artificial Intelligence Lab','MAJOR',6,1,10,NULL,1,4,2,NULL,0),(1194,'C25CAA201T','Object Oriented Programming using C++','MAJOR',2,3,20,NULL,1,5,2,NULL,0),(1195,'C25CAA201P','Object Oriented Programming using C++ Lab','MAJOR',2,1,10,NULL,1,5,2,NULL,0),(1196,'C25CAA202T','Data Structure and Applications','MAJOR',2,3,20,NULL,1,5,2,NULL,0),(1197,'C25CAA202P','Data Structure and Applications Lab','MAJOR',2,1,10,NULL,1,5,2,NULL,0),(1198,'C25CAA203T','Discrete Mathematical Structure','MAJOR',2,4,30,NULL,1,5,2,NULL,0),(1199,'C24BCM201T','Indian Financial System','MAJOR',2,4,30,NULL,1,6,3,NULL,0),(1200,'C24BCM202T','Advanced Accounting','MAJOR',2,4,30,NULL,1,6,3,NULL,0),(1201,'C24BCM203T','Business Economics-II','MAJOR',2,4,30,NULL,1,6,3,NULL,0),(1202,'C24BCM301T','Business Statistics','MAJOR',3,4,30,NULL,1,6,3,NULL,0),(1203,'C24BCM302T','Corporate Accounting','MAJOR',3,4,30,NULL,1,6,3,NULL,0),(1204,'C24BCM303T','Business Laws','MAJOR',3,4,30,NULL,1,6,3,NULL,0),(1205,'C24BCM401T','Business Environment','MAJOR',4,4,30,NULL,1,6,3,NULL,0),(1206,'C24BCM402T','Cost Accounting','MAJOR',4,4,30,NULL,1,6,3,NULL,0),(1207,'C24BCM403T','Company Law','MAJOR',4,4,30,NULL,1,6,3,NULL,0),(1208,'C24BCM501T','Fundamentals of Stock Market','MAJOR',5,4,30,NULL,1,6,3,NULL,0),(1209,'C24BCM502T','Management Accounting','MAJOR',5,4,30,NULL,1,6,3,NULL,0),(1210,'C24BCM503T','Income Tax Law and Practice','MAJOR',5,4,30,NULL,1,6,3,NULL,0),(1211,'C24BCM601T','Income Tax Law and Administration','MAJOR',6,4,30,NULL,1,6,3,NULL,0),(1212,'C24BCM602T','Human Resource Management','MAJOR',6,4,30,NULL,1,6,3,NULL,0),(1213,'C24BCM603T','Financial Management','MAJOR',6,4,30,NULL,1,6,3,NULL,0),(1214,'C24BBA201T','Indian Economy','MAJOR',2,4,30,NULL,1,14,3,NULL,0),(1215,'C24BBA202T','Fundamentals of Marketing','MAJOR',2,4,30,NULL,1,14,3,NULL,0),(1216,'C24BBA203T','Fundamentals of Financial Management','MAJOR',2,4,30,NULL,1,14,3,NULL,0),(1217,'C24BBA301T','History and Philosophy of Human Resource Management','MAJOR',3,4,30,NULL,1,14,3,NULL,0),(1218,'C24BBA302T','Business Economics','MAJOR',3,4,30,NULL,1,14,3,NULL,0),(1219,'C24BBA303T','Indian Financial System','MAJOR',3,4,30,NULL,1,14,3,NULL,0),(1220,'C24BBA401T','Business Research Methods','MAJOR',4,4,30,NULL,1,14,3,NULL,0),(1221,'C24BBA402T','Marketing Decision','MAJOR',4,4,30,NULL,1,14,3,NULL,0),(1222,'C24BBA403T','Micro Organisational Behaviour','MAJOR',4,4,30,NULL,1,14,3,NULL,0),(1223,'C24BBA501T','Sales Management','MAJOR',5,4,30,NULL,1,14,3,NULL,0),(1224,'C24BBA502T','Business Environment Policy and Strategy','MAJOR',5,4,30,NULL,1,14,3,NULL,0),(1225,'C24BBA503T','Taxation System and Policy','MAJOR',5,4,30,NULL,1,14,3,NULL,0),(1226,'C24BBA601T','Macro Organisational Behaviour','MAJOR',6,4,30,NULL,1,14,3,NULL,0),(1227,'C24BBA602T','Business Law','MAJOR',6,4,30,NULL,1,14,3,NULL,0),(1228,'C24BBA603T','Operation and Project Management','MAJOR',6,4,30,NULL,1,14,3,NULL,0),(1229,'C24COA201T','Basics of Drawing','MAJOR',2,3,20,NULL,1,1,1,NULL,0),(1230,'C24COA201P','Basics of Drawing Lab','MAJOR',2,1,10,NULL,1,1,1,NULL,0),(1231,'C24COA301T','Advertising Foundation','MAJOR',3,3,20,NULL,1,1,1,NULL,0),(1232,'C24COA301P','Creative Advertising Lab','MAJOR',3,1,10,NULL,1,1,1,NULL,0),(1233,'C24COA401T','Advertising Foundation-III','MAJOR',4,3,20,NULL,1,1,1,NULL,0),(1234,'C24COA401P','Basics of Advertising Foundation Lab','MAJOR',4,1,10,NULL,1,1,1,NULL,0),(1235,'C24COS201T','Data Structure using C','MAJOR',2,3,20,NULL,1,1,1,NULL,0),(1236,'C24COS201P','Data Structure using C Lab','MAJOR',2,1,10,NULL,1,1,1,NULL,0),(1237,'C24COS301T','Database Management Systems','MAJOR',3,3,20,NULL,1,1,1,NULL,0),(1238,'C24COS301P','DBMS Lab','MAJOR',3,1,10,NULL,1,1,1,NULL,0),(1239,'C24COS401T','Computer Networks','MAJOR',4,3,20,NULL,1,1,1,NULL,0),(1240,'C24COS401P','Computer Networks Lab','MAJOR',4,1,10,NULL,1,1,1,NULL,0),(1241,'C24COS501T','Object Oriented Principles and Programming in Java','MAJOR',5,3,20,NULL,1,1,1,NULL,0),(1242,'C24COS501P','OOPS Using Java Lab','MAJOR',5,1,10,NULL,1,1,1,NULL,0),(1243,'C24COS601T','Python Programming','MAJOR',6,3,20,NULL,1,1,1,NULL,0),(1244,'C24COS601P','Python Programming Lab','MAJOR',6,1,10,NULL,1,1,1,NULL,0),(1245,'C24DEF201T','Evolution of Indian Military System, Basics of Operational Exercises-II','MAJOR',2,3,20,NULL,1,1,1,NULL,0),(1246,'C24DEF201P','Evolution of Indian Military System, Basics of Operational Exercises-II Lab','MAJOR',2,1,10,NULL,1,1,1,NULL,0),(1247,'C24DEF301T','Evolution of Indian Military System-II, Basics of Operational Exercises-III','MAJOR',3,3,20,NULL,1,1,1,NULL,0),(1248,'C24DEF301P','Evolution of Indian Military System-II, Practical-Basics of Operational Exercises-III Lab','MAJOR',3,1,10,NULL,1,1,1,NULL,0),(1249,'C24DEF401T','National Security-Conceptual Aspects, Basics of Operational Exercises-IV','MAJOR',4,3,20,NULL,1,1,1,NULL,0),(1250,'C24DEF401P','National Security-Conceptual Aspects, Basics of Operational Exercises-IV Lab','MAJOR',4,1,10,NULL,1,1,1,NULL,0),(1251,'C24ECO201T','Micro Economics-II','MAJOR',2,4,30,NULL,1,1,1,NULL,0),(1252,'C24ECO301T','Macroeconomics-I','MAJOR',3,4,30,NULL,1,1,1,NULL,0),(1253,'C24ECO401T','Macroeconomics-II','MAJOR',4,4,30,NULL,1,1,1,NULL,0),(1254,'C24ECO501Ti','Economics of Development','MAJOR',5,4,30,NULL,1,1,1,NULL,0),(1255,'C24ECO501Tii','Public Finance','MAJOR',5,4,30,NULL,1,1,1,NULL,0),(1256,'C24ECO601Ti','Economic Development and Policy in India','MAJOR',6,4,30,NULL,1,1,1,NULL,0),(1257,'C24ECO601Tii','Environmental Economics','MAJOR',6,4,30,NULL,1,1,1,NULL,0),(1258,'C24ENG201T','Introduction to Essay and Basic Composition','MAJOR',2,4,30,NULL,1,1,1,NULL,0),(1259,'C24ENG301T','Introduction to Poetry and Phonetics','MAJOR',3,4,30,NULL,1,1,1,NULL,0),(1260,'C24ENG401T','Introduction to Drama and Intermediate Grammar','MAJOR',4,4,30,NULL,1,1,1,NULL,0),(1261,'C24ENG501T','Introduction to Short Novel and Advanced Grammar','MAJOR',5,4,30,NULL,1,1,1,NULL,0),(1262,'C24ENG601T','Introduction to Life Writing and Advanced Composition','MAJOR',6,4,30,NULL,1,1,1,NULL,0),(1263,'C24FAD201T','Basics of Pattern Making and Garments Construction','MAJOR',2,3,20,NULL,1,1,1,NULL,0),(1264,'C24FAD201P','Basics of Pattern Making and Garments Construction Lab','MAJOR',2,1,10,NULL,1,1,1,NULL,0),(1265,'C24FAD301T','Traditional Textile and Costumes of India','MAJOR',3,3,20,NULL,1,1,1,NULL,0),(1266,'C24FAD301P','Traditional Textile and Costumes of India Lab','MAJOR',3,1,10,NULL,1,1,1,NULL,0),(1267,'C24FAD401T','Basic of Garments Construction-II','MAJOR',4,3,20,NULL,1,1,1,NULL,0),(1268,'C24FAD401P','Basic of Garments Construction-II Lab','MAJOR',4,1,10,NULL,1,1,1,NULL,0),(1269,'C24FEN201T','Communicative Skills and Grammar (Functional English)','MAJOR',2,3,20,NULL,1,1,1,NULL,0),(1270,'C24FEN201P','Communicative Skills and Grammar (Functional English)-Practical','MAJOR',2,1,10,NULL,1,1,1,NULL,0),(1271,'C24FEN301T','Phonetics and Phonology (Functional English)','MAJOR',3,3,20,NULL,1,1,1,NULL,0),(1272,'C24FEN301P','Phonetics and Phonology (Functional English)-Practical','MAJOR',3,1,10,NULL,1,1,1,NULL,0),(1273,'C24FEN401T','Phonetics and Grammar (Functional English)','MAJOR',4,3,20,NULL,1,1,1,NULL,0),(1274,'C24FEN401P','Phonetics and Grammar (Functional English)-Practical','MAJOR',4,1,10,NULL,1,1,1,NULL,0),(1275,'C24GEO201T','Human Geography','MAJOR',2,3,20,NULL,1,1,1,NULL,0),(1276,'C24GEO201P','Human Geography Lab','MAJOR',2,1,10,NULL,1,1,1,NULL,0),(1277,'C24GEO301T','Physical Geography','MAJOR',3,3,20,NULL,1,1,1,NULL,0),(1278,'C24GEO301P','Physical Geography Lab','MAJOR',3,1,10,NULL,1,1,1,NULL,0),(1279,'C24GEO401T','Physical Geography-II','MAJOR',4,3,20,NULL,1,1,1,NULL,0),(1280,'C24GEO401P','Physical Geography-II Lab','MAJOR',4,1,10,NULL,1,1,1,NULL,0),(1281,'C24GEO501T','Climatology and Oceanology','MAJOR',5,3,20,NULL,1,1,1,NULL,0),(1282,'C24GEO501P','Climatology and Oceanology Lab','MAJOR',5,1,10,NULL,1,1,1,NULL,0),(1283,'C24GEO601T','Elements of Soil Geography','MAJOR',6,3,20,NULL,1,1,1,NULL,0),(1284,'C24GEO601P','Elements of Soil Geography Lab','MAJOR',6,1,10,NULL,1,1,1,NULL,0),(1285,'C24HIE201T','Hindi Sahitya ka Bhaktikaal, Kavya evam Kaal Avlokan','MAJOR',2,4,30,NULL,1,1,1,NULL,0),(1286,'C24HIE301T','Hindi Elective-III','MAJOR',3,4,30,NULL,1,1,1,NULL,0),(1287,'C24HIE401T','Hindi Elective-IV','MAJOR',4,4,30,NULL,1,1,1,NULL,0),(1288,'C24HIN201T','Hindi Sahitya-2','MAJOR',2,4,30,NULL,1,1,1,NULL,0),(1289,'C24HIN301T','Kavya evam Prayojanmulak Hindi','MAJOR',3,4,30,NULL,1,1,1,NULL,0),(1290,'C24HIN401T','Hindi Gadya ka Vikas evam Paribhashik Shabdavali','MAJOR',4,4,30,NULL,1,1,1,NULL,0),(1291,'C24HIN501T','Hindi-V','MAJOR',5,4,30,NULL,1,1,1,NULL,0),(1292,'C24HIN601T','Hindi-VI','MAJOR',6,4,30,NULL,1,1,1,NULL,0),(1293,'C24HIS201T','History of India (From Earliest Times to 1206)','MAJOR',2,4,30,NULL,1,1,1,NULL,0),(1294,'C24HIS301T','History of India (1206-1757)','MAJOR',3,4,30,NULL,1,1,1,NULL,0),(1295,'C24HIS401T','History of India (1757-1947)','MAJOR',4,4,30,NULL,1,1,1,NULL,0),(1296,'C24HOS201T','Family Resource Management','MAJOR',2,3,20,NULL,1,1,1,NULL,0),(1297,'C24HOS201P','Family Resource Management Lab','MAJOR',2,1,10,NULL,1,1,1,NULL,0),(1298,'C24HOS301T','Textiles and Clothing','MAJOR',3,3,20,NULL,1,1,1,NULL,0),(1299,'C24HOS301P','Textiles and Clothing Lab','MAJOR',3,1,10,NULL,1,1,1,NULL,0),(1300,'C24HOS401T','Child Development','MAJOR',4,3,20,NULL,1,1,1,NULL,0),(1301,'C24HOS401P','Child Development Lab','MAJOR',4,1,10,NULL,1,1,1,NULL,0),(1302,'C24HPE201T','Sports Training','MAJOR',2,3,20,NULL,1,1,1,NULL,0),(1303,'C24HPE201P','Sports Training Lab','MAJOR',2,1,10,NULL,1,1,1,NULL,0),(1304,'C24HPE301T','Sport Psychology','MAJOR',3,3,20,NULL,1,1,1,NULL,0),(1305,'C24HPE301P','Sport Psychology Lab','MAJOR',3,1,10,NULL,1,1,1,NULL,0),(1306,'C24HPE401T','Sports Nutrition','MAJOR',4,3,20,NULL,1,1,1,NULL,0),(1307,'C24HPE401P','Sports Nutrition Lab','MAJOR',4,1,10,NULL,1,1,1,NULL,0),(1308,'C24MAT201T','Calculus','MAJOR',2,3,20,NULL,1,1,1,NULL,0),(1309,'C24MAT201P','Calculus Lab','MAJOR',2,1,10,NULL,1,1,1,NULL,0),(1310,'C24MAT301T','Differential Equations','MAJOR',3,3,20,NULL,1,1,1,NULL,0),(1311,'C24MAT301P','Differential Equations Lab','MAJOR',3,1,10,NULL,1,1,1,NULL,0),(1312,'C24MAT401T','Mechanics','MAJOR',4,3,20,NULL,1,1,1,NULL,0),(1313,'C24MAT401P','Mechanics Lab','MAJOR',4,1,10,NULL,1,1,1,NULL,0),(1314,'C24MAT501T','Analysis','MAJOR',5,3,20,NULL,1,1,1,NULL,0),(1315,'C24MAT501P','Analysis Lab','MAJOR',5,1,10,NULL,1,1,1,NULL,0),(1316,'C24MAT601T','Abstract Algebra','MAJOR',6,3,20,NULL,1,1,1,NULL,0),(1317,'C24MAT601P','Abstract Algebra Lab','MAJOR',6,1,10,NULL,1,1,1,NULL,0),(1318,'C24MCO201T','Introduction to Electronic Media','MAJOR',2,3,20,NULL,1,1,1,NULL,0),(1319,'C24MCO201P','Introduction to Electronic Media Lab','MAJOR',2,1,10,NULL,1,1,1,NULL,0),(1320,'C24MCO301T','Media Writing','MAJOR',3,3,20,NULL,1,1,1,NULL,0),(1321,'C24MCO301P','Media Writing Lab','MAJOR',3,1,10,NULL,1,1,1,NULL,0),(1322,'C24MCO401T','General Current Awareness (Media)','MAJOR',4,3,20,NULL,1,1,1,NULL,0),(1323,'C24MCO401P','General Current Awareness (Media) Lab','MAJOR',4,1,10,NULL,1,1,1,NULL,0),(1324,'C24MUI201T','Basic Terminology of Hindustani Music','MAJOR',2,2,15,NULL,1,1,1,NULL,0),(1325,'C24MUI201P','Basic Terminology of Hindustani Music Lab','MAJOR',2,2,15,NULL,1,1,1,NULL,0),(1326,'C24MUI301T','Basics of Hindustani Music-I','MAJOR',3,2,15,NULL,1,1,1,NULL,0),(1327,'C24MUI301P','Basics of Hindustani Music-I Practical','MAJOR',3,2,15,NULL,1,1,1,NULL,0),(1328,'C24MUI401T','Basic Terminology of Hindustani Music-II','MAJOR',4,2,15,NULL,1,1,1,NULL,0),(1329,'C24MUI401P','Basic Terminology of Hindustani Music-II Practical','MAJOR',4,2,15,NULL,1,1,1,NULL,0),(1330,'C24MUS201T','Basic Terminology of Hindustani Music (Vocal)','MAJOR',2,2,15,NULL,1,1,1,NULL,0),(1331,'C24MUS201P','Basic Terminology of Hindustani Music (Vocal) Lab','MAJOR',2,2,15,NULL,1,1,1,NULL,0),(1332,'C24MUS301T','Devotional Music','MAJOR',3,2,15,NULL,1,1,1,NULL,0),(1333,'C24MUS301P','Devotional Music Lab','MAJOR',3,2,15,NULL,1,1,1,NULL,0),(1334,'C24MUS401T','Historical Study of Musical Terms','MAJOR',4,2,15,NULL,1,1,1,NULL,0),(1335,'C24MUS401P','Historical Study of Musical Terms Lab','MAJOR',4,2,15,NULL,1,1,1,NULL,0),(1336,'C24PHI201T','Outline of Western Philosophy','MAJOR',2,4,30,NULL,1,1,1,NULL,0),(1337,'C25PHI301T','Logic-I','MAJOR',3,4,30,NULL,1,1,1,NULL,0),(1338,'C25PHI401T','Logic-II','MAJOR',4,4,30,NULL,1,1,1,NULL,0),(1339,'C24POL201T','Principles of Political Science-II','MAJOR',2,4,30,NULL,1,1,1,NULL,0),(1340,'C24POL301T','Indian Constitution','MAJOR',3,4,30,NULL,1,1,1,NULL,0),(1341,'C24POL401T','Indian Government and Politics','MAJOR',4,4,30,NULL,1,1,1,NULL,0),(1342,'C24PSY201T','Foundations of Psychology-II','MAJOR',2,3,20,NULL,1,1,1,NULL,0),(1343,'C24PSY201P','Foundations of Psychology-II Lab','MAJOR',2,1,10,NULL,1,1,1,NULL,0),(1344,'C24PSY301T','Psychology-III','MAJOR',3,3,20,NULL,1,1,1,NULL,0),(1345,'C24PSY301P','Psychology-III Lab','MAJOR',3,1,10,NULL,1,1,1,NULL,0),(1346,'C24PSY401T','Psychology-IV','MAJOR',4,3,20,NULL,1,1,1,NULL,0),(1347,'C24PSY401P','Psychology-IV Lab','MAJOR',4,1,10,NULL,1,1,1,NULL,0),(1348,'C24PSY501T','Introduction to Mental Disorder','MAJOR',5,3,20,NULL,1,1,1,NULL,0),(1349,'C24PSY501P','Introduction to Mental Disorder Lab','MAJOR',5,1,10,NULL,1,1,1,NULL,0),(1350,'C24PSY601T','Pragmatic Psychology','MAJOR',6,3,20,NULL,1,1,1,NULL,0),(1351,'C24PSY601P','Pragmatic Psychology Lab','MAJOR',6,1,10,NULL,1,1,1,NULL,0),(1352,'C24PUB201T','Basics of Public Administration','MAJOR',2,4,30,NULL,1,1,1,NULL,0),(1353,'C24PUB301T','Indian Administration','MAJOR',3,4,30,NULL,1,1,1,NULL,0),(1354,'C24PUB302T','Concept and Theories of State and Democracy','MAJOR',3,4,30,NULL,1,1,1,NULL,0),(1355,'C24PUB303T','Rural Governance in India','MAJOR',3,4,30,NULL,1,1,1,NULL,0),(1356,'C24PUB401T','Public Finance and Financial Administration','MAJOR',4,4,30,NULL,1,1,1,NULL,0),(1357,'C24PUB402T','Urban Governance in India','MAJOR',4,4,30,NULL,1,1,1,NULL,0),(1358,'C24PUB403T','Introduction to Public Policy','MAJOR',4,4,30,NULL,1,1,1,NULL,0),(1359,'C24PUB404T','Basic of Research Methodology','MAJOR',4,4,30,NULL,1,1,1,NULL,0),(1360,'C24SAE201T','Shrimadbhagavadgita, Swasthvritam Chhandshashtram ch','MAJOR',2,4,30,NULL,1,1,1,NULL,0),(1361,'C24SKT301T','Poorvamegha Chhandam ch','MAJOR',3,4,30,NULL,1,1,1,NULL,0),(1362,'C24SKT401T','Uttaramegha Alankaram ch','MAJOR',4,4,30,NULL,1,1,1,NULL,0),(1363,'C24SKT201T','Sanskrit Chayanika Gadya Bhag 1-18','MAJOR',2,4,30,NULL,1,1,1,NULL,0),(1364,'C24SKT301TT','Aitahasik Mahakavyam evam Vyakaranam','MAJOR',3,4,30,NULL,1,1,1,NULL,0),(1365,'C24SKT401TT','Mahakavyam Upanyasah evam Shabdaprkriya','MAJOR',4,4,30,NULL,1,1,1,NULL,0),(1366,'C24SOC201T','Society: Structure and Change','MAJOR',2,4,30,NULL,1,1,1,NULL,0),(1367,'C24SOC301T','Research Methodology','MAJOR',3,4,30,NULL,1,1,1,NULL,0),(1368,'C24SOC302T','Urban Sociology','MAJOR',3,4,30,NULL,1,1,1,NULL,0),(1369,'C24SOC303T','Social Change and Social Movement in India','MAJOR',3,4,30,NULL,1,1,1,NULL,0),(1370,'C24SOC401T','Social Problems in India','MAJOR',4,4,30,NULL,1,1,1,NULL,0),(1371,'C24SOC402T','Social Change and Development','MAJOR',4,4,30,NULL,1,1,1,NULL,0),(1372,'C24SOC403T','Perspectives on Indian Society','MAJOR',4,4,30,NULL,1,1,1,NULL,0),(1373,'C24SOC404T','Media and Society','MAJOR',4,4,30,NULL,1,1,1,NULL,0),(1376,'C24BOT201T','Diversity of Higher Cryptogams and Genetics','MAJOR',2,3,20,NULL,1,3,2,NULL,0),(1377,'C24BOT201P','Diversity of Higher Cryptogams and Genetics Lab','MAJOR',2,1,10,NULL,1,3,2,NULL,0),(1378,'C24BOT301T','Diversity of Seed Plants: Gymnosperms and Angiosperms','MAJOR',3,3,20,NULL,1,3,2,NULL,0),(1379,'C24BOT301P','Diversity of Seed Plants: Gymnosperms and Angiosperms Lab','MAJOR',3,1,10,NULL,1,3,2,NULL,0),(1380,'C24BOT401T','Plant Anatomy and Embryology','MAJOR',4,3,20,NULL,1,3,2,NULL,0),(1381,'C24BOT401P','Plant Anatomy and Embryology Lab','MAJOR',4,1,10,NULL,1,3,2,NULL,0),(1382,'C24BOT501T','Plant Physiology-Metabolism and Ecology','MAJOR',5,3,20,NULL,1,3,2,NULL,0),(1383,'C24BOT501P','Plant Physiology-Metabolism and Ecology Lab','MAJOR',5,1,10,NULL,1,3,2,NULL,0),(1384,'C24BOT601T','Plant Biotechnology and Economic Botany','MAJOR',6,3,20,NULL,1,3,2,NULL,0),(1385,'C24BOT601P','Plant Biotechnology and Economic Botany Lab','MAJOR',6,1,10,NULL,1,3,2,NULL,0),(1386,'C24BBT201T','Fundamental of Biochemistry','MAJOR',2,3,20,NULL,1,3,2,NULL,0),(1387,'C24BBT201P','Fundamental of Biochemistry Lab','MAJOR',2,1,10,NULL,1,3,2,NULL,0),(1388,'C24BBT301T','Molecular Biology','MAJOR',3,3,20,NULL,1,3,2,NULL,0),(1389,'C24BBT301P','Molecular Biology Lab','MAJOR',3,1,10,NULL,1,3,2,NULL,0),(1390,'C24BBT401T','Recombinant DNA Technology','MAJOR',4,3,20,NULL,1,3,2,NULL,0),(1391,'C24BBT401P','Recombinant DNA Technology Lab','MAJOR',4,1,10,NULL,1,3,2,NULL,0),(1392,'C24BBT501T','Basics of In Vitro Culture Techniques','MAJOR',5,3,20,NULL,1,3,2,NULL,0),(1393,'C24BBT501P','Basics of In Vitro Culture Techniques Lab','MAJOR',5,1,10,NULL,1,3,2,NULL,0),(1394,'C24BBT601T','Microbial Biotechnology','MAJOR',6,3,20,NULL,1,3,2,NULL,0),(1395,'C24BBT601P','Microbial Biotechnology Lab','MAJOR',6,1,10,NULL,1,3,2,NULL,0),(1396,'C24ZOO201T','Animal Diversity-II','MAJOR',2,3,20,NULL,1,3,2,NULL,0),(1397,'C24ZOO201P','Animal Diversity-II Lab','MAJOR',2,1,10,NULL,1,3,2,NULL,0),(1398,'C24ZOO301T','Biomolecule and Mammalian Physiology','MAJOR',3,3,20,NULL,1,3,2,NULL,0),(1399,'C24ZOO301P','Biomolecule and Mammalian Physiology Lab','MAJOR',3,1,10,NULL,1,3,2,NULL,0),(1400,'C24ZOO401T','Molecular Biology','MAJOR',4,3,20,NULL,1,3,2,NULL,0),(1401,'C24ZOO401P','Molecular Biology Lab','MAJOR',4,1,10,NULL,1,3,2,NULL,0),(1402,'C24ZOO501T','Evolution and Developmental Biology','MAJOR',5,3,20,NULL,1,3,2,NULL,0),(1403,'C24ZOO501P','Evolution and Developmental Biology Lab','MAJOR',5,1,10,NULL,1,3,2,NULL,0),(1404,'C24ZOO601T','Applied Zoology','MAJOR',6,3,20,NULL,1,3,2,NULL,0),(1405,'C24ZOO601P','Applied Zoology Lab','MAJOR',6,1,10,NULL,1,3,2,NULL,0),(1406,'C24CHE201T','Chemistry-II','MAJOR',2,3,20,NULL,1,2,2,NULL,0),(1407,'C24CHE201P','Chemistry-II Lab','MAJOR',2,1,10,NULL,1,2,2,NULL,0),(1408,'C24CHE301T','Chemistry-III','MAJOR',3,3,20,NULL,1,2,2,NULL,0),(1409,'C24CHE301P','Chemistry-III Lab','MAJOR',3,1,10,NULL,1,2,2,NULL,0),(1410,'C24CHE302T','Inorganic Chemistry-I','MAJOR',3,3,20,NULL,1,2,2,NULL,0),(1411,'C24CHE302P','Inorganic Chemistry-I Lab','MAJOR',3,1,10,NULL,1,2,2,NULL,0),(1412,'C24CHE303T','Organic Chemistry-I','MAJOR',3,3,20,NULL,1,2,2,NULL,0),(1413,'C24CHE303P','Organic Chemistry-I Lab','MAJOR',3,1,10,NULL,1,2,2,NULL,0),(1414,'C24CHE304T','Physical Chemistry-I','MAJOR',3,3,20,NULL,1,2,2,NULL,0),(1415,'C24CHE304P','Physical Chemistry-I Lab','MAJOR',3,1,10,NULL,1,2,2,NULL,0),(1416,'C24CHE401T','Chemistry-IV','MAJOR',4,3,20,NULL,1,2,2,NULL,0),(1417,'C24CHE401P','Chemistry-IV Lab','MAJOR',4,1,10,NULL,1,2,2,NULL,0),(1418,'C24CHE402T','Inorganic Chemistry-II','MAJOR',4,3,20,NULL,1,2,2,NULL,0),(1419,'C24CHE402P','Inorganic Chemistry-II Lab','MAJOR',4,1,10,NULL,1,2,2,NULL,0),(1420,'C24CHE403T','Organic Chemistry-I Sem4','MAJOR',4,3,20,NULL,1,2,2,NULL,0),(1421,'C24CHE403P','Organic Chemistry-I Lab Sem4','MAJOR',4,1,10,NULL,1,2,2,NULL,0),(1422,'C24CHE404T','Physical Chemistry-II','MAJOR',4,3,20,NULL,1,2,2,NULL,0),(1423,'C24CHE404P','Physical Chemistry-II Lab','MAJOR',4,1,10,NULL,1,2,2,NULL,0),(1424,'C24CHE501T','Chemistry-V','MAJOR',5,3,20,NULL,1,2,2,NULL,0),(1425,'C24CHE501P','Chemistry-V Lab','MAJOR',5,1,10,NULL,1,2,2,NULL,0),(1426,'C24CHE502T','Inorganic Chemistry-III','MAJOR',5,3,20,NULL,1,2,2,NULL,0),(1427,'C24CHE502P','Inorganic Chemistry-III Lab','MAJOR',5,1,10,NULL,1,2,2,NULL,0),(1428,'C24CHE503T','Organic Chemistry-II','MAJOR',5,3,20,NULL,1,2,2,NULL,0),(1429,'C24CHE503P','Organic Chemistry-II Lab','MAJOR',5,1,10,NULL,1,2,2,NULL,0),(1430,'C24CHE601T','Chemistry-VI','MAJOR',6,3,20,NULL,1,2,2,NULL,0),(1431,'C24CHE601P','Chemistry-VI Lab','MAJOR',6,1,10,NULL,1,2,2,NULL,0),(1432,'C24CHE602T','Organic Chemistry-III','MAJOR',6,3,20,NULL,1,2,2,NULL,0),(1433,'C24CHE602P','Organic Chemistry-III Lab','MAJOR',6,1,10,NULL,1,2,2,NULL,0),(1434,'C24CHE603T','Physical Chemistry-III','MAJOR',6,3,20,NULL,1,2,2,NULL,0),(1435,'C24CHE603P','Physical Chemistry-III Lab','MAJOR',6,1,10,NULL,1,2,2,NULL,0),(1436,'C24ELE201T','Electronic Devices and Basic Digital Electronics','MAJOR',2,3,20,NULL,1,2,2,NULL,0),(1437,'C24ELE201P','Electronic Devices and Basic Digital Electronics Lab','MAJOR',2,1,10,NULL,1,2,2,NULL,0),(1438,'C24ELE301T','Combination and Sequential Circuits','MAJOR',3,3,20,NULL,1,2,2,NULL,0),(1439,'C24ELE301P','Combination and Sequential Circuits Lab','MAJOR',3,1,10,NULL,1,2,2,NULL,0),(1440,'C24ELE401T','Operational Amplifier and Sinusoidal Oscillators','MAJOR',4,3,20,NULL,1,2,2,NULL,0),(1441,'C24ELE401P','Operational Amplifier and Sinusoidal Oscillators Lab','MAJOR',4,1,10,NULL,1,2,2,NULL,0),(1442,'C24PHY201T','Electricity and Magnetism','MAJOR',2,3,20,NULL,1,2,2,NULL,0),(1443,'C24PHY201P','Electricity and Magnetism Lab','MAJOR',2,1,10,NULL,1,2,2,NULL,0),(1444,'C24PHY301T','Thermodynamics and Statistical Physics','MAJOR',3,3,20,NULL,1,2,2,NULL,0),(1445,'C24PHY301P','Thermodynamics and Statistical Physics Lab','MAJOR',3,1,10,NULL,1,2,2,NULL,0),(1446,'C24PHY302T','Waves and Oscillations','MAJOR',3,3,20,NULL,1,2,2,NULL,0),(1447,'C24PHY303T','Mathematical Methods in Physics-I','MAJOR',3,3,20,NULL,1,2,2,NULL,0),(1448,'C24PHY401T','Optics','MAJOR',4,3,20,NULL,1,2,2,NULL,0),(1449,'C24PHY401P','Optics Lab','MAJOR',4,1,10,NULL,1,2,2,NULL,0),(1450,'C24PHY402T','Physics of Semiconductor Devices','MAJOR',4,3,20,NULL,1,2,2,NULL,0),(1451,'C24PHY402P','Physics of Semiconductor Devices Practical','MAJOR',4,1,10,NULL,1,2,2,NULL,0),(1452,'C24PHY404T','Astronomy and Astrophysics','MAJOR',4,3,20,NULL,1,2,2,NULL,0);
/*!40000 ALTER TABLE `subjects` ENABLE KEYS */;
UNLOCK TABLES;

--
-- Table structure for table `subjects_backup`
--

DROP TABLE IF EXISTS `subjects_backup`;
/*!40101 SET @saved_cs_client     = @@character_set_client */;
/*!50503 SET character_set_client = utf8mb4 */;
CREATE TABLE `subjects_backup` (
  `subject_id` int NOT NULL DEFAULT '0',
  `subject_code` varchar(20) NOT NULL,
  `subject_name` varchar(100) NOT NULL,
  `category` enum('MAJOR','MINOR','VAC','SEC','MDC','AEC','DSC','MIC') NOT NULL,
  `semester` int DEFAULT NULL,
  `credits` int DEFAULT NULL,
  `internal_marks` int DEFAULT '0',
  `teacher_id` int DEFAULT NULL,
  `level_id` int DEFAULT NULL,
  `programme_id` int DEFAULT NULL,
  `faculty_id` int DEFAULT NULL,
  `discipline_id` int DEFAULT NULL,
  `is_common` tinyint(1) DEFAULT '0'
) ENGINE=InnoDB DEFAULT CHARSET=utf8mb4 COLLATE=utf8mb4_0900_ai_ci;
/*!40101 SET character_set_client = @saved_cs_client */;

--
-- Dumping data for table `subjects_backup`
--

LOCK TABLES `subjects_backup` WRITE;
/*!40000 ALTER TABLE `subjects_backup` DISABLE KEYS */;
INSERT INTO `subjects_backup` VALUES (1,'C24CAP101T','Computer Fundamental and Problem solving through C','MAJOR',1,3,20,NULL,1,4,2,13,0),(2,'C24CAP101P','Computer Fundamental and Problem solving through C Lab','MAJOR',1,1,10,NULL,1,4,2,13,0),(3,'C24CAP102T','Logical Organization of Computer','MAJOR',1,3,20,NULL,1,4,2,13,0),(4,'C24CAP102P','Logical Organization of Computer Lab','MAJOR',1,1,10,NULL,1,4,2,13,0),(5,'C24CAP103T','Introduction to Web Technologies','MAJOR',1,3,20,NULL,1,4,2,13,0),(6,'C24CAP103P','Introduction to Web Technologies Lab','MAJOR',1,1,10,NULL,1,4,2,13,0),(13,'C24AEC101T','English Language and Communication Skills: Level 1','AEC',1,2,15,NULL,1,NULL,NULL,1,1),(14,'C24AEC102T','Hindi Bhasha Evam Sampreshan-1','AEC',1,2,15,NULL,1,NULL,NULL,2,1),(15,'C24AEC201T','English Language and Communication Skills: Level 2','AEC',2,2,15,NULL,1,NULL,NULL,1,1),(16,'C24AEC202T','Hindi Bhasha Evam Sampreshan-2','AEC',2,2,15,NULL,1,NULL,NULL,2,1),(17,'C24AEC301T','English Language and Communication Skills: Level 2','AEC',3,2,15,NULL,1,NULL,NULL,1,1),(18,'C24AEC302T','Hindi Bhasha Evam Sampreshan-2','AEC',3,2,15,NULL,1,NULL,NULL,2,1),(19,'C24AEC303T','Sanskrit Sahitye — Geetanjali','AEC',3,2,15,NULL,1,NULL,NULL,10,1),(20,'C24AEC304T','Angreji-Bhashantaram','AEC',3,2,15,NULL,1,NULL,NULL,10,1),(21,'C24AEC305T','Foreign Language or any other Language','AEC',3,2,15,NULL,1,NULL,NULL,26,1),(22,'C24AEC401T','English Language and Communication Skills: Level 2','AEC',4,2,15,NULL,1,NULL,NULL,1,1),(23,'C24AEC402T','Hindi Bhasha Evam Sampreshan-2','AEC',4,2,15,NULL,1,NULL,NULL,2,1),(24,'C24AEC403T','Sanskrit Sahitye — Geetanjali','AEC',4,2,15,NULL,1,NULL,NULL,10,1),(25,'C24AEC404T','Angreji-Bhashantaram','AEC',4,2,15,NULL,1,NULL,NULL,10,1),(26,'C24AEC405T','Foreign Language or any other Language','AEC',4,2,15,NULL,1,NULL,NULL,26,1),(74,'C24MDC101T','Applied Biology-I','MDC',1,2,15,NULL,1,NULL,NULL,20,1),(75,'C24MDC101P','Applied Biology-I Lab','MDC',1,1,10,NULL,1,NULL,NULL,20,1),(76,'C24MDC102T','Basics of Botany','MDC',1,2,15,NULL,1,NULL,NULL,17,1),(77,'C24MDC102P','Basics of Botany Lab','MDC',1,1,10,NULL,1,NULL,NULL,17,1),(78,'C24MDC103T','E-Commerce','MDC',1,3,25,NULL,1,NULL,NULL,27,1),(79,'C24MDC104T','Chemistry of Oils and Dyes','MDC',1,2,15,NULL,1,NULL,NULL,16,1),(80,'C24MDC104P','Chemistry of Oils and Dyes Lab','MDC',1,1,10,NULL,1,NULL,NULL,16,1),(81,'C24MDC105T','Information Technology','MDC',1,2,15,NULL,1,NULL,NULL,13,1),(82,'C24MDC105P','Information Technology Lab','MDC',1,1,10,NULL,1,NULL,NULL,13,1),(83,'C24MDC106T','Fundamentals of Banking','MDC',1,2,15,NULL,1,NULL,NULL,22,1),(84,'C24MDC106P','Fundamentals of Banking Lab','MDC',1,1,10,NULL,1,NULL,NULL,22,1),(85,'C24MDC107T','Basics of Fine Arts-I','MDC',1,2,15,NULL,1,NULL,NULL,28,1),(86,'C24MDC107P','Basics of Fine Arts-I Lab','MDC',1,1,10,NULL,1,NULL,NULL,28,1),(87,'C24MDC108T','Introduction to Military History','MDC',1,3,25,NULL,1,NULL,NULL,5,1),(88,'C24MDC109T','Understanding Union Budget','MDC',1,3,25,NULL,1,NULL,NULL,8,1),(89,'C24MDC110T','Literature and Society','MDC',1,3,25,NULL,1,NULL,NULL,1,1),(90,'C24MDC111T','Electronics in Daily Life','MDC',1,3,25,NULL,1,NULL,NULL,21,1),(91,'C24MDC112T','Clothing Construction-I','MDC',1,2,15,NULL,1,NULL,NULL,31,1),(92,'C24MDC112P','Clothing Construction-I Lab','MDC',1,1,10,NULL,1,NULL,NULL,31,1),(93,'C24MDC113T','Fundamentals of Physical Education','MDC',1,2,15,NULL,1,NULL,NULL,32,1),(94,'C24MDC113P','Fundamentals of Physical Education Lab','MDC',1,1,10,NULL,1,NULL,NULL,32,1),(95,'C24MDC114T','General Geography','MDC',1,3,25,NULL,1,NULL,NULL,9,1),(96,'C24MDC115T','Social Media aur Hindi Bhasha','MDC',1,3,25,NULL,1,NULL,NULL,2,1),(97,'C24MDC116T','History of Haryana-I (From Harappan Age to 1526 A.D.)','MDC',1,3,25,NULL,1,NULL,NULL,3,1),(98,'C24MDC117T','Health and Hygiene','MDC',1,2,15,NULL,1,NULL,NULL,33,1),(99,'C24MDC117P','Health and Hygiene Lab','MDC',1,1,10,NULL,1,NULL,NULL,33,1),(100,'C24MDC118T','Short Film Production','MDC',1,2,15,NULL,1,NULL,NULL,35,1),(101,'C24MDC118P','Short Film Production Lab','MDC',1,1,10,NULL,1,NULL,NULL,35,1),(102,'C24MDC119T','Mathematics for Everyday Life','MDC',1,3,25,NULL,1,NULL,NULL,14,1),(103,'C24MDC120T','Fundamentals of Hindustani Music','MDC',1,2,15,NULL,1,NULL,NULL,36,1),(104,'C24MDC120P','Fundamentals of Hindustani Music Lab','MDC',1,1,10,NULL,1,NULL,NULL,36,1),(105,'C24MDC121T','Terminology of Hindustani Music (Vocal)','MDC',1,2,15,NULL,1,NULL,NULL,37,1),(106,'C24MDC121P','Terminology of Hindustani Music (Vocal) Lab','MDC',1,1,10,NULL,1,NULL,NULL,37,1),(107,'C24MDC122T','Philosophy of Mahatma Gandhi','MDC',1,3,25,NULL,1,NULL,NULL,38,1),(108,'C24MDC123T','Fundamentals of Physics-I','MDC',1,2,15,NULL,1,NULL,NULL,15,1),(109,'C24MDC123P','Fundamentals of Physics-I Lab','MDC',1,1,10,NULL,1,NULL,NULL,15,1),(110,'C24MDC124T','Indian Polity-I','MDC',1,3,25,NULL,1,NULL,NULL,4,1),(111,'C24MDC125T','Stress Management','MDC',1,3,25,NULL,1,NULL,NULL,NULL,1),(112,'C24MDC126T','Public Administration in India','MDC',1,3,25,NULL,1,NULL,NULL,39,1),(113,'C24MDC127T','Sanskrit Sahitye Rashtravad Yajnaprakriyayah Vaignyanikaadharash','MDC',1,3,25,NULL,1,NULL,NULL,10,1),(114,'C24MDC128T','Principles of Sociology','MDC',1,3,25,NULL,1,NULL,NULL,7,1),(115,'C24MDC129T','Basics of Zoology-I','MDC',1,2,15,NULL,1,NULL,NULL,18,1),(116,'C24MDC129P','Basics of Zoology-I Lab','MDC',1,1,10,NULL,1,NULL,NULL,18,1),(117,'C24MDC130T','Environmental Issues in India','MDC',1,3,25,NULL,1,NULL,NULL,30,1),(118,'C24MDC132T','Foundations of Computer Science','MDC',1,2,15,NULL,1,NULL,NULL,29,1),(119,'C24MDC132P','Foundations of Computer Science Lab','MDC',1,1,10,NULL,1,NULL,NULL,29,1),(120,'C24MDC133T','Idea Generation and Creativity','MDC',1,3,25,NULL,1,NULL,NULL,34,1),(121,'C24MDC201T','Applied Biology-II','MDC',2,2,15,NULL,1,NULL,NULL,20,1),(122,'C24MDC201P','Applied Biology-II Lab','MDC',2,1,10,NULL,1,NULL,NULL,20,1),(123,'C24MDC202T','Nursery and Gardening','MDC',2,2,15,NULL,1,NULL,NULL,17,1),(124,'C24MDC202P','Nursery and Gardening Lab','MDC',2,1,10,NULL,1,NULL,NULL,17,1),(125,'C24MDC203T','Negotiation and Conflicts Management Skills','MDC',2,3,25,NULL,1,NULL,NULL,27,1),(126,'C24MDC204T','Chemistry of Soil and Everyday Compounds','MDC',2,2,15,NULL,1,NULL,NULL,16,1),(127,'C24MDC204P','Chemistry of Soil and Everyday Compounds Lab','MDC',2,1,10,NULL,1,NULL,NULL,16,1),(128,'C24MDC205T','Internet and Web Design','MDC',2,2,15,NULL,1,NULL,NULL,13,1),(129,'C24MDC205P','Internet and Web Design Lab','MDC',2,1,10,NULL,1,NULL,NULL,13,1),(130,'C24MDC206T','Basics of Digital Marketing','MDC',2,2,15,NULL,1,NULL,NULL,22,1),(131,'C24MDC206P','Basics of Digital Marketing Lab','MDC',2,1,10,NULL,1,NULL,NULL,22,1),(132,'C24MDC207T','Basics of Fine Arts-II','MDC',2,2,15,NULL,1,NULL,NULL,28,1),(133,'C24MDC207P','Basics of Fine Arts-II Lab','MDC',2,1,10,NULL,1,NULL,NULL,28,1),(134,'C24MDC208T','Introduction to Military Studies','MDC',2,3,25,NULL,1,NULL,NULL,5,1),(135,'C24MDC209T','Economics of Banking and Finance','MDC',2,3,25,NULL,1,NULL,NULL,8,1),(136,'C24MDC210T','Functional English Grammar','MDC',2,3,25,NULL,1,NULL,NULL,1,1),(137,'C24MDC211T','Basic Analog Electronics','MDC',2,3,25,NULL,1,NULL,NULL,21,1),(138,'C24MDC212T','Clothing Construction-II','MDC',2,2,15,NULL,1,NULL,NULL,31,1),(139,'C24MDC212P','Clothing Construction-II Lab','MDC',2,1,10,NULL,1,NULL,NULL,31,1),(140,'C24MDC213T','Fundamentals of Yoga','MDC',2,2,15,NULL,1,NULL,NULL,32,1),(141,'C24MDC213P','Fundamentals of Yoga Lab','MDC',2,1,10,NULL,1,NULL,NULL,32,1),(142,'C24MDC214T','Physical Geography of India','MDC',2,3,25,NULL,1,NULL,NULL,9,1),(143,'C24MDC215T','Aalochanatmak Adhyayan','MDC',2,3,25,NULL,1,NULL,NULL,2,1),(144,'C24MDC216T','History of Haryana-II','MDC',2,3,25,NULL,1,NULL,NULL,3,1),(145,'C24MDC217T','Basics of Fashion Design','MDC',2,2,15,NULL,1,NULL,NULL,33,1),(146,'C24MDC217P','Basics of Fashion Design Lab','MDC',2,1,10,NULL,1,NULL,NULL,33,1),(147,'C24MDC218T','Public Speaking and Creative Writing','MDC',2,2,15,NULL,1,NULL,NULL,35,1),(148,'C24MDC218P','Public Speaking and Creative Writing Lab','MDC',2,1,10,NULL,1,NULL,NULL,35,1),(149,'C24MDC219T','Financial Mathematics','MDC',2,3,25,NULL,1,NULL,NULL,14,1),(150,'C24MDC220T','Fundamental Approach to Hindustani Music','MDC',2,2,15,NULL,1,NULL,NULL,36,1),(151,'C24MDC220P','Fundamental Approach to Hindustani Music Lab','MDC',2,1,10,NULL,1,NULL,NULL,36,1),(152,'C24MDC221T','Fundamental Approach to Hindustani Music (Vocal)','MDC',2,2,15,NULL,1,NULL,NULL,37,1),(153,'C24MDC221P','Fundamental Approach to Hindustani Music (Vocal) Lab','MDC',2,1,10,NULL,1,NULL,NULL,37,1),(154,'C24MDC222T','Philosophy of Law','MDC',2,3,25,NULL,1,NULL,NULL,38,1),(155,'C24MDC223T','Fundamentals of Physics-II','MDC',2,2,15,NULL,1,NULL,NULL,15,1),(156,'C24MDC223P','Fundamentals of Physics-II Lab','MDC',2,1,10,NULL,1,NULL,NULL,15,1),(157,'C24MDC224T','Indian Polity-II','MDC',2,3,25,NULL,1,NULL,NULL,4,1),(158,'C24MDC225T','Personality Development','MDC',2,3,25,NULL,1,NULL,NULL,NULL,1),(159,'C24MDC226T','Public Financial Administration','MDC',2,3,25,NULL,1,NULL,NULL,39,1),(160,'C24MDC227T','Yogaayurvedashcha','MDC',2,3,25,NULL,1,NULL,NULL,10,1),(161,'C24MDC228T','Indian Society and Culture','MDC',2,3,25,NULL,1,NULL,NULL,7,1),(162,'C24MDC229T','Basics of Zoology-II','MDC',2,2,15,NULL,1,NULL,NULL,18,1),(163,'C24MDC229P','Basics of Zoology-II Lab','MDC',2,1,10,NULL,1,NULL,NULL,18,1),(164,'C24MDC230T','Disaster Management','MDC',2,3,25,NULL,1,NULL,NULL,30,1),(165,'C24MDC232T','Internet and Web Design','MDC',2,2,15,NULL,1,NULL,NULL,29,1),(166,'C24MDC232P','Internet and Web Design Lab','MDC',2,1,10,NULL,1,NULL,NULL,29,1),(167,'C24MDC233T','Content Development for Digital Platforms','MDC',2,3,25,NULL,1,NULL,NULL,34,1),(168,'C24MDC301T','Applied Biology-III','MDC',3,2,15,NULL,1,NULL,NULL,20,1),(169,'C24MDC301P','Applied Biology-III Lab','MDC',3,1,10,NULL,1,NULL,NULL,20,1),(170,'C24MDC302T','Plants in Everyday Life','MDC',3,2,15,NULL,1,NULL,NULL,17,1),(171,'C24MDC302P','Plants in Everyday Life Lab','MDC',3,1,10,NULL,1,NULL,NULL,17,1),(172,'C24MDC303T','Marketing Analytics','MDC',3,3,25,NULL,1,NULL,NULL,27,1),(173,'C24MDC304T','Energy Resources and Water Treatment','MDC',3,2,15,NULL,1,NULL,NULL,16,1),(174,'C24MDC304P','Energy Resources and Water Treatment Lab','MDC',3,1,10,NULL,1,NULL,NULL,16,1),(175,'C24MIC101T','Computer Applications in Management','MIC',1,2,15,NULL,1,NULL,NULL,27,1),(176,'C24MIC102T','Computer Programming Fundamentals','MIC',1,2,15,NULL,1,NULL,NULL,13,1),(177,'C24MIC103T(i)','Business Mathematics','MIC',1,2,15,NULL,1,NULL,NULL,22,1),(178,'C24MIC103T(ii)','Organizational Behaviour','MIC',1,2,15,NULL,1,NULL,NULL,22,1),(179,'C24MIC104T','Introduction of Fine Arts','MIC',1,2,15,NULL,1,NULL,NULL,28,1),(180,'C24MIC105T','Introduction to Defence Studies','MIC',1,2,15,NULL,1,NULL,NULL,5,1),(181,'C24MIC106T','Ancient Indian Economic History: Vedic Period to 1BC','MIC',1,2,15,NULL,1,NULL,NULL,8,1),(182,'C24MIC107T','Introduction to Short Story and Basic Grammar','MIC',1,2,15,NULL,1,NULL,NULL,1,1),(183,'C24MIC108T','Textile Science','MIC',1,2,15,NULL,1,NULL,NULL,31,1),(184,'C24MIC109T','General Geography of India','MIC',1,2,15,NULL,1,NULL,NULL,9,1),(185,'C24MIC110T','Olympics Movement','MIC',1,2,15,NULL,1,NULL,NULL,32,1),(186,'C24MIC111T','Hindi ka Vyavaharik Vyakaran','MIC',1,2,15,NULL,1,NULL,NULL,2,1),(187,'C24MIC112T','Indian National Movement','MIC',1,2,15,NULL,1,NULL,NULL,3,1),(188,'C24MIC113T','Housing and Space Planning','MIC',1,2,15,NULL,1,NULL,NULL,33,1),(189,'C24MIC114T','Communication Skills','MIC',1,2,15,NULL,1,NULL,NULL,35,1),(190,'C24MIC115T','Sets and Sequences','MIC',1,2,15,NULL,1,NULL,NULL,14,1),(191,'C24MIC116T','Basic Concepts of Hindustani Music','MIC',1,2,15,NULL,1,NULL,NULL,36,1),(192,'C24MIC117T','Basic Concepts of Hindustani Music (Vocal)','MIC',1,2,15,NULL,1,NULL,NULL,37,1),(193,'C24MIC118T','Fundamentals of Indian Philosophy','MIC',1,2,15,NULL,1,NULL,NULL,38,1),(194,'C24MIC119T','Fundamentals of Political Science-I','MIC',1,2,15,NULL,1,NULL,NULL,4,1),(195,'C24MIC120T','Understanding Psychology-I','MIC',1,2,15,NULL,1,NULL,NULL,NULL,1),(196,'C24MIC121T','Rural Local Government in India','MIC',1,2,15,NULL,1,NULL,NULL,39,1),(197,'C24MIC122T','Varnochcharan-Shiksha Sanskrit Chayanika Padhbhag (1-10)','MIC',1,2,15,NULL,1,NULL,NULL,10,1),(198,'C24MIC123T','Basic Concepts of Sociology','MIC',1,2,15,NULL,1,NULL,NULL,7,1),(199,'C24MIC124T(i)','Information Technology','MIC',1,2,15,NULL,1,NULL,NULL,29,1),(200,'C24MIC124T(ii)','Mathematical Foundation of Computer Science-I','MIC',1,2,15,NULL,1,NULL,NULL,29,1),(201,'C24MIC125T','General Current Awareness I','MIC',1,2,15,NULL,1,NULL,NULL,34,1),(202,'C24MIC131T','Basic Chemistry-I','MIC',1,2,15,NULL,1,NULL,NULL,16,1),(203,'C24MIC132T','Electronic Components','MIC',1,2,15,NULL,1,NULL,NULL,21,1),(204,'C24MIC133T','Fundamentals of Electronics-I','MIC',1,2,15,NULL,1,NULL,NULL,15,1),(205,'C24MIC141T','Introduction to Biotechnology','MIC',1,2,15,NULL,1,NULL,NULL,20,1),(206,'C24MIC142T','Elementary Botany','MIC',1,2,15,NULL,1,NULL,NULL,17,1),(207,'C24MIC143T','Introduction of non-Chordates','MIC',1,2,15,NULL,1,NULL,NULL,18,1),(208,'C24MIC201T','Basic Statistics','MIC',2,2,15,NULL,1,NULL,NULL,27,1),(209,'C24MIC202T','Internet and Web Design','MIC',2,2,15,NULL,1,NULL,NULL,13,1),(210,'C24MIC203T','Basics of Digital Marketing','MIC',2,2,15,NULL,1,NULL,NULL,22,1),(211,'C24MIC204T','Basics of Photography','MIC',2,2,15,NULL,1,NULL,NULL,28,1),(212,'C24MIC205T','Public and Private Security Management','MIC',2,2,15,NULL,1,NULL,NULL,5,1),(213,'C24MIC206T','Indian Economy from Post-Independence','MIC',2,2,15,NULL,1,NULL,NULL,8,1),(214,'C24MIC207T','Introduction to Essay and Basic Composition','MIC',2,2,15,NULL,1,NULL,NULL,1,1),(215,'C24MIC208T','Traditional Textile of India','MIC',2,2,15,NULL,1,NULL,NULL,31,1),(216,'C24MIC209T','Geography of Haryana','MIC',2,2,15,NULL,1,NULL,NULL,9,1),(217,'C24MIC210T','Asian and Commonwealth Games','MIC',2,2,15,NULL,1,NULL,NULL,32,1),(218,'C24MIC211T','Patra Lekhan','MIC',2,2,15,NULL,1,NULL,NULL,2,1),(219,'C24MIC212T','Indian History and Culture','MIC',2,2,15,NULL,1,NULL,NULL,3,1),(220,'C24MIC213T','Early Childhood Care and Education','MIC',2,2,15,NULL,1,NULL,NULL,33,1),(221,'C24MIC214T','Digital Media','MIC',2,2,15,NULL,1,NULL,NULL,35,1),(222,'C24MIC215T','Combinatorics and Geometry','MIC',2,2,15,NULL,1,NULL,NULL,14,1),(223,'C24MIC216T','Conceptual Approach to Hindustani Music','MIC',2,2,15,NULL,1,NULL,NULL,36,1),(224,'C24MIC217T','Conceptual Approach to Hindustani Music (Vocal)','MIC',2,2,15,NULL,1,NULL,NULL,37,1),(225,'C24MIC218T','Fundamentals of Western Philosophy','MIC',2,2,15,NULL,1,NULL,NULL,38,1),(226,'C24MIC219T','Fundamentals of Political Science-II','MIC',2,2,15,NULL,1,NULL,NULL,4,1),(227,'C24MIC220T','Understanding Psychology-II','MIC',2,2,15,NULL,1,NULL,NULL,NULL,1),(228,'C24MIC221T','Urban Local Government in India','MIC',2,2,15,NULL,1,NULL,NULL,39,1),(229,'C24MIC222T','Varnochcharan-Shiksha Sanskrit Chayanika Gadhyabhag (1-10)','MIC',2,2,15,NULL,1,NULL,NULL,10,1),(230,'C24MIC223T','Indian Social System','MIC',2,2,15,NULL,1,NULL,NULL,7,1),(231,'C24MIC224T(i)','Database Technologies','MIC',2,2,15,NULL,1,NULL,NULL,29,1),(232,'C24MIC224T(ii)','Mathematical Foundation of Computer Science-II','MIC',2,2,15,NULL,1,NULL,NULL,29,1),(233,'C24MIC225T','General Current Awareness II','MIC',2,2,15,NULL,1,NULL,NULL,34,1),(234,'C24MIC231T','Basic Chemistry-II','MIC',2,2,15,NULL,1,NULL,NULL,16,1),(235,'C24MIC232T','Understanding of Computer Systems','MIC',2,2,15,NULL,1,NULL,NULL,21,1),(236,'C24MIC233T','Fundamentals of Electronics-II','MIC',2,2,15,NULL,1,NULL,NULL,15,1),(237,'C24MIC241T','Biomolecules','MIC',2,2,15,NULL,1,NULL,NULL,20,1),(238,'C24MIC242T','Cell Biology','MIC',2,2,15,NULL,1,NULL,NULL,17,1),(239,'C24MIC243T','Introduction of Chordates','MIC',2,2,15,NULL,1,NULL,NULL,18,1),(240,'C24MIC302T','IT & E-Commerce','MIC',3,2,15,NULL,1,NULL,NULL,13,1),(241,'C24MIC302P','IT & E-Commerce Lab','MIC',3,2,15,NULL,1,NULL,NULL,13,1),(242,'C24MIC303T','Strategic Management','MIC',3,4,30,NULL,1,NULL,NULL,22,1),(243,'C24MIC307T','Introduction to Poetry and Composition','MIC',3,4,30,NULL,1,NULL,NULL,1,1),(244,'C24MIC315T','Mathematical Statistics','MIC',3,4,30,NULL,1,NULL,NULL,14,1),(245,'C24MIC331T','Basic Chemistry-III','MIC',3,4,30,NULL,1,NULL,NULL,16,1),(246,'C24MIC332T','Electronic Instrumentation','MIC',3,4,30,NULL,1,NULL,NULL,21,1),(247,'C24MIC333T','Electronics-I','MIC',3,4,30,NULL,1,NULL,NULL,15,1),(248,'C24MIC341T','Molecular Basis Life','MIC',3,4,30,NULL,1,NULL,NULL,20,1),(249,'C24MIC342T','Plant Ecology','MIC',3,4,30,NULL,1,NULL,NULL,17,1),(250,'C24SEC101T','GST Return Filing','SEC',1,3,25,NULL,1,NULL,NULL,27,1),(251,'C24SEC102T','Modern Advertising Tools','SEC',1,2,15,NULL,1,NULL,NULL,22,1),(252,'C24SEC102P','Modern Advertising Tools Lab','SEC',1,1,10,NULL,1,NULL,NULL,22,1),(253,'C24SEC103T','Office Tools','SEC',1,2,15,NULL,1,NULL,NULL,13,1),(254,'C24SEC203T','Digital Efficiency Tools','SEC',1,2,15,NULL,1,NULL,NULL,13,1),(255,'C24SEC103P','Office Tools Lab','SEC',1,1,10,NULL,1,NULL,NULL,13,1),(256,'C24SEC203P','Digital Efficiency Tools Lab','SEC',1,1,10,NULL,1,NULL,NULL,13,1),(257,'C24SEC104T','Introduction to Design','SEC',1,2,15,NULL,1,NULL,NULL,28,1),(258,'C24SEC104P','Introduction to Design Lab','SEC',1,1,10,NULL,1,NULL,NULL,28,1),(259,'C24SEC105T','Study of Terrorism','SEC',1,3,25,NULL,1,NULL,NULL,5,1),(260,'C24SEC106T','Computer Applications in Economics-I','SEC',1,2,15,NULL,1,NULL,NULL,8,1),(261,'C24SEC106P','Computer Applications in Economics-I Lab','SEC',1,1,10,NULL,1,NULL,NULL,8,1),(262,'C24SEC107T','Soft Skills','SEC',1,2,15,NULL,1,NULL,NULL,1,1),(263,'C24SEC107P','Soft Skills Lab','SEC',1,1,10,NULL,1,NULL,NULL,1,1),(264,'C24SEC108T','Basics of Clothing Construction','SEC',1,2,15,NULL,1,NULL,NULL,31,1),(265,'C24SEC108P','Basics of Clothing Construction Lab','SEC',1,1,10,NULL,1,NULL,NULL,31,1),(266,'C24SEC109T','Surveying Techniques','SEC',1,2,15,NULL,1,NULL,NULL,9,1),(267,'C24SEC109P','Surveying Techniques Lab','SEC',1,1,10,NULL,1,NULL,NULL,9,1),(268,'C24SEC110T','Health Education','SEC',1,2,15,NULL,1,NULL,NULL,32,1),(269,'C24SEC110P','Health Education Lab','SEC',1,1,10,NULL,1,NULL,NULL,32,1),(270,'C24SEC111T','Taknikee Hindi','SEC',1,2,15,NULL,1,NULL,NULL,2,1),(271,'C24SEC111P','Computer aur Hindi Typing','SEC',1,1,10,NULL,1,NULL,NULL,2,1),(272,'C24SEC112T','Glimpse of Ancient India','SEC',1,3,25,NULL,1,NULL,NULL,3,1),(273,'C24SEC113T','Hand Fabric and Printing Dyeing Techniques','SEC',1,2,15,NULL,1,NULL,NULL,33,1),(274,'C24SEC113P','Hand Fabric and Printing Dyeing Techniques Lab','SEC',1,1,10,NULL,1,NULL,NULL,33,1),(275,'C24SEC114T','Report Writing','SEC',1,2,15,NULL,1,NULL,NULL,35,1),(276,'C24SEC114P','Report Writing Lab','SEC',1,1,10,NULL,1,NULL,NULL,35,1),(277,'C24SEC129T(i)','Vector Calculus and Solid Geometry','SEC',1,2,15,NULL,1,NULL,NULL,14,1),(278,'C24SEC129P(i)','Vector Calculus and Solid Geometry Lab','SEC',1,1,10,NULL,1,NULL,NULL,14,1),(279,'C24SEC129T(ii)','Mathematics in PYTHON','SEC',1,2,15,NULL,1,NULL,NULL,14,1),(280,'C24SEC129P(ii)','Mathematics in PYTHON Lab','SEC',1,1,10,NULL,1,NULL,NULL,14,1),(281,'C24SEC115T','Practical Approach to Hindustani Music-1','SEC',1,2,15,NULL,1,NULL,NULL,36,1),(282,'C24SEC115P','Practical Approach to Hindustani Music-1 Lab','SEC',1,1,10,NULL,1,NULL,NULL,36,1),(283,'C24SEC116T','Basic Course for Harmonium and Tabla-1','SEC',1,2,15,NULL,1,NULL,NULL,37,1),(284,'C24SEC116P','Basic Course for Harmonium and Tabla-1 Lab','SEC',1,1,10,NULL,1,NULL,NULL,37,1),(285,'C24SEC117T','Critical Thinking','SEC',1,3,25,NULL,1,NULL,NULL,38,1),(286,'C24SEC118T','Introduction to Political Theory','SEC',1,3,25,NULL,1,NULL,NULL,4,1),(287,'C24SEC119T','Assessment of Personality','SEC',1,2,15,NULL,1,NULL,NULL,66,1),(288,'C24SEC119P','Assessment of Personality Lab','SEC',1,1,10,NULL,1,NULL,NULL,66,1),(289,'C24SEC120T','Public Office Administration','SEC',1,3,25,NULL,1,NULL,NULL,39,1),(290,'C24SEC121T','Sanskrit Sambhashanam','SEC',1,3,25,NULL,1,NULL,NULL,10,1),(291,'C24SEC122T','Gender and Society','SEC',1,3,25,NULL,1,NULL,NULL,7,1),(292,'C24SEC123T','Water Quality Analysis','SEC',1,2,15,NULL,1,NULL,NULL,30,1),(293,'C24SEC123P','Water Quality Analysis Lab','SEC',1,1,10,NULL,1,NULL,NULL,30,1),(294,'C24SEC124T','PC Hardware and Networking','SEC',1,2,15,NULL,1,NULL,NULL,29,1),(295,'C24SEC124P','PC Hardware and Networking Lab','SEC',1,1,10,NULL,1,NULL,NULL,29,1),(296,'C24SEC125T','Article Writing for Newspapers and Magazines','SEC',1,2,15,NULL,1,NULL,NULL,34,1),(297,'C24SEC125P','Article Writing for Newspapers and Magazines Lab','SEC',1,1,10,NULL,1,NULL,NULL,34,1),(298,'C24SEC126T','Biofertilizer and Biopesticide Production Technology','SEC',1,2,15,NULL,1,NULL,NULL,20,1),(299,'C24SEC126P','Biofertilizer and Biopesticide Production Technology Lab','SEC',1,1,10,NULL,1,NULL,NULL,20,1),(300,'C24SEC127T','Mushroom Cultivation','SEC',1,2,15,NULL,1,NULL,NULL,17,1),(301,'C24SEC127P','Mushroom Cultivation Lab','SEC',1,1,10,NULL,1,NULL,NULL,17,1),(302,'C24SEC128T','Basic Laboratory Techniques','SEC',1,2,15,NULL,1,NULL,NULL,16,1),(303,'C24SEC128P','Basic Laboratory Techniques Lab','SEC',1,1,10,NULL,1,NULL,NULL,16,1),(304,'C24SEC130T','Instrumentation-I','SEC',1,2,15,NULL,1,NULL,NULL,15,1),(305,'C24SEC130P','Instrumentation-I Lab','SEC',1,1,10,NULL,1,NULL,NULL,15,1),(306,'C24SEC131T','Apiculture','SEC',1,2,15,NULL,1,NULL,NULL,18,1),(307,'C24SEC131P','Apiculture Lab','SEC',1,1,10,NULL,1,NULL,NULL,18,1),(308,'C24SEC132T','Linear Integrated Circuit Applications','SEC',1,3,25,NULL,1,NULL,NULL,21,1),(309,'C24SEC201T','Digital Marketing','SEC',2,3,25,NULL,1,NULL,NULL,27,1),(310,'C24SEC202T','Business Communication Skills','SEC',2,3,25,NULL,1,NULL,NULL,22,1),(311,'C24SEC204T','Art of Photography','SEC',2,2,15,NULL,1,NULL,NULL,28,1),(312,'C24SEC204P','Art of Photography Lab','SEC',2,1,10,NULL,1,NULL,NULL,28,1),(313,'C24SEC205T','Defence Journalism','SEC',2,3,25,NULL,1,NULL,NULL,5,1),(314,'C24SEC206T','Computer Applications in Economics-II','SEC',2,2,15,NULL,1,NULL,NULL,8,1),(315,'C24SEC206P','Computer Applications in Economics-II Lab','SEC',2,1,10,NULL,1,NULL,NULL,8,1),(316,'C24SEC207T','Public Speaking and Presentation Skills in English','SEC',2,2,15,NULL,1,NULL,NULL,1,1),(317,'C24SEC207P','Public Speaking and Presentation Skills in English Lab','SEC',2,1,10,NULL,1,NULL,NULL,1,1),(318,'C24SEC208T','Hand Embroidery','SEC',2,2,15,NULL,1,NULL,NULL,31,1),(319,'C24SEC208P','Hand Embroidery Lab','SEC',2,1,10,NULL,1,NULL,NULL,31,1),(320,'C24SEC209T','Interpretation of Maps and Toposheets','SEC',2,2,15,NULL,1,NULL,NULL,9,1),(321,'C24SEC209P','Interpretation of Maps and Toposheets Lab','SEC',2,1,10,NULL,1,NULL,NULL,9,1),(322,'C24SEC210T','Basic Anatomy and Physiology','SEC',2,2,15,NULL,1,NULL,NULL,32,1),(323,'C24SEC210P','Basic Anatomy and Physiology Lab','SEC',2,1,10,NULL,1,NULL,NULL,32,1),(324,'C24SEC211T','Srijanatmak Lekhan','SEC',2,2,15,NULL,1,NULL,NULL,2,1),(325,'C24SEC211P','Sahityik Lekhan','SEC',2,1,10,NULL,1,NULL,NULL,2,1),(326,'C24SEC212T','Glimpses of Medieval India','SEC',2,3,25,NULL,1,NULL,NULL,3,1),(327,'C24SEC213T','Ice Cream and Chocolate Craft','SEC',2,2,15,NULL,1,NULL,NULL,33,1),(328,'C24SEC213P','Ice Cream and Chocolate Craft Lab','SEC',2,1,10,NULL,1,NULL,NULL,33,1),(329,'C24SEC214T','Video Production','SEC',2,2,15,NULL,1,NULL,NULL,35,1),(330,'C24SEC214P','Video Production Lab','SEC',2,1,10,NULL,1,NULL,NULL,35,1),(331,'C24SEC229T(i)','Numerical Methods','SEC',2,2,15,NULL,1,NULL,NULL,14,1),(332,'C24SEC229P(i)','Numerical Methods Lab','SEC',2,1,10,NULL,1,NULL,NULL,14,1),(333,'C24SEC215T','Practical Approach to Hindustani Music-2','SEC',2,2,15,NULL,1,NULL,NULL,36,1),(334,'C24SEC215P','Practical Approach to Hindustani Music-2 Lab','SEC',2,1,10,NULL,1,NULL,NULL,36,1),(335,'C24SEC216T','Basic Course for Harmonium and Tabla-2','SEC',2,2,15,NULL,1,NULL,NULL,37,1),(336,'C24SEC216P','Basic Course for Harmonium and Tabla-2 Lab','SEC',2,1,10,NULL,1,NULL,NULL,37,1),(337,'C24SEC217T','Applied Reasoning in Philosophy','SEC',2,3,25,NULL,1,NULL,NULL,38,1),(338,'C24SEC218T','Gender and Law in India','SEC',2,3,25,NULL,1,NULL,NULL,4,1),(339,'C24SEC219T','Assessment of Intelligence','SEC',2,2,15,NULL,1,NULL,NULL,66,1),(340,'C24SEC219P','Assessment of Intelligence Lab','SEC',2,1,10,NULL,1,NULL,NULL,66,1),(341,'C24SEC220T','Office Processes','SEC',2,3,25,NULL,1,NULL,NULL,39,1),(342,'C24SEC221T','Prayogatmak Sanskritam','SEC',2,3,25,NULL,1,NULL,NULL,10,1),(343,'C24SEC222T','Sociology for Social Problems','SEC',2,3,25,NULL,1,NULL,NULL,7,1),(344,'C24SEC223T','Food Waste and Byproduct Utilization','SEC',2,2,15,NULL,1,NULL,NULL,30,1),(345,'C24SEC223P','Food Waste and Byproduct Utilization Lab','SEC',2,1,10,NULL,1,NULL,NULL,30,1),(346,'C24SEC224T','Web Design Basics using HTML','SEC',2,2,15,NULL,1,NULL,NULL,29,1),(347,'C24SEC224P','Web Design Basics using HTML Lab','SEC',2,1,10,NULL,1,NULL,NULL,29,1),(348,'C24SEC225T','Feature Writing for Newspapers and Magazines','SEC',2,2,15,NULL,1,NULL,NULL,34,1),(349,'C24SEC225P','Feature Writing for Newspapers and Magazines Lab','SEC',2,1,10,NULL,1,NULL,NULL,34,1),(350,'C24SEC226T','Medical Laboratory Technology','SEC',2,2,15,NULL,1,NULL,NULL,20,1),(351,'C24SEC226P','Medical Laboratory Technology Lab','SEC',2,1,10,NULL,1,NULL,NULL,20,1),(352,'C24SEC227T','Organic Farming','SEC',2,2,15,NULL,1,NULL,NULL,17,1),(353,'C24SEC227P','Organic Farming Lab','SEC',2,1,10,NULL,1,NULL,NULL,17,1),(354,'C24SEC228T','Chromatographic Techniques Food and Water Analysis','SEC',2,2,15,NULL,1,NULL,NULL,16,1),(355,'C24SEC228P','Chromatographic Techniques Food and Water Analysis Lab','SEC',2,1,10,NULL,1,NULL,NULL,16,1),(356,'C24SEC230T','Instrumentation-II','SEC',2,2,15,NULL,1,NULL,NULL,15,1),(357,'C24SEC230P','Instrumentation-II Lab','SEC',2,1,10,NULL,1,NULL,NULL,15,1),(358,'C24SEC231T','Fish Farming','SEC',2,2,15,NULL,1,NULL,NULL,18,1),(359,'C24SEC231P','Fish Farming Lab','SEC',2,1,10,NULL,1,NULL,NULL,18,1),(360,'C24SEC232T','PCB Fundamentals','SEC',2,3,25,NULL,1,NULL,NULL,21,1),(361,'C24SEC301T','Startup and Entrepreneurship','SEC',3,3,25,NULL,1,NULL,NULL,27,1),(362,'C24SEC302T','Investment Planning Skills','SEC',3,3,25,NULL,1,NULL,NULL,22,1),(363,'C24SEC303T','Data Analysis using Excel','SEC',3,2,15,NULL,1,NULL,NULL,13,1),(364,'C24SEC303P','Data Analysis using Excel Lab','SEC',3,1,10,NULL,1,NULL,NULL,13,1),(365,'C24SEC304T','Art of Photography','SEC',3,3,25,NULL,1,NULL,NULL,28,1),(366,'C24SEC307T','Professional Communication in English','SEC',3,2,15,NULL,1,NULL,NULL,1,1),(367,'C24SEC307P','Professional Communication in English Lab','SEC',3,1,10,NULL,1,NULL,NULL,1,1),(368,'C24SEC309T','Cyber Security','SEC',3,2,15,NULL,1,NULL,NULL,9,1),(369,'C24SEC309P','Cyber Security Lab','SEC',3,1,10,NULL,1,NULL,NULL,9,1),(370,'C24SEC311T','Karyalay Hindi','SEC',3,3,25,NULL,1,NULL,NULL,2,1),(371,'C24SEC313T','Ice Cream and Chocolate Craft','SEC',3,2,15,NULL,1,NULL,NULL,33,1),(372,'C24SEC313P','Ice Cream and Chocolate Craft Lab','SEC',3,1,10,NULL,1,NULL,NULL,33,1),(373,'C24SEC314T','Video Production','SEC',3,3,25,NULL,1,NULL,NULL,35,1),(374,'C24SEC329T','Special Functions and Transform Techniques','SEC',3,2,15,NULL,1,NULL,NULL,14,1),(375,'C24SEC329P','Special Functions and Transform Techniques Lab','SEC',3,1,10,NULL,1,NULL,NULL,14,1),(376,'C24SEC315T','Practical Approach to Hindustani Music-2','SEC',3,2,15,NULL,1,NULL,NULL,36,1),(377,'C24SEC315P','Practical Approach to Hindustani Music-2 Lab','SEC',3,1,10,NULL,1,NULL,NULL,36,1),(378,'C24SEC316T','Basic Course for Harmonium and Tabla-2','SEC',3,2,15,NULL,1,NULL,NULL,37,1),(379,'C24SEC316P','Basic Course for Harmonium and Tabla-2 Lab','SEC',3,1,10,NULL,1,NULL,NULL,37,1),(380,'C24SEC317T','Applied Reasoning in Philosophy','SEC',3,3,25,NULL,1,NULL,NULL,38,1),(381,'C24SEC318T','Gender and Law in India','SEC',3,3,25,NULL,1,NULL,NULL,4,1),(382,'C24SEC319T','Assessment of Intelligence','SEC',3,3,25,NULL,1,NULL,NULL,66,1),(383,'C24SEC320T','Office Processes','SEC',3,3,25,NULL,1,NULL,NULL,39,1),(384,'C24SEC321T','Prayogatmak Sanskritam','SEC',3,3,25,NULL,1,NULL,NULL,10,1),(385,'C24SEC322T','Sociology for Social Problems','SEC',3,3,25,NULL,1,NULL,NULL,7,1),(386,'C24SEC323T','Waste Water Treatment','SEC',3,2,15,NULL,1,NULL,NULL,30,1),(387,'C24SEC323P','Waste Water Treatment Lab','SEC',3,1,10,NULL,1,NULL,NULL,30,1),(388,'C24SEC326T','Bioinformatics','SEC',3,3,25,NULL,1,NULL,NULL,20,1),(389,'C24SEC326P','Basics of Forensic Science Lab','SEC',3,1,10,NULL,1,NULL,NULL,20,1),(390,'C24SEC327T','Floriculture','SEC',3,2,15,NULL,1,NULL,NULL,17,1),(391,'C24SEC327P','Floriculture Lab','SEC',3,1,10,NULL,1,NULL,NULL,17,1),(392,'C24SEC328T','Fuel Chemistry','SEC',3,2,15,NULL,1,NULL,NULL,16,1),(393,'C24SEC328P','Fuel Chemistry Lab','SEC',3,1,10,NULL,1,NULL,NULL,16,1),(394,'C24SEC330T','Numerical Techniques','SEC',3,2,15,NULL,1,NULL,NULL,15,1),(395,'C24SEC330P','Numerical Techniques Lab','SEC',3,1,10,NULL,1,NULL,NULL,15,1),(396,'C24SEC331T','Vermiculture and Vermicomposting','SEC',3,2,15,NULL,1,NULL,NULL,18,1),(397,'C24SEC331P','Vermiculture and Vermicomposting Lab','SEC',3,1,10,NULL,1,NULL,NULL,18,1),(398,'C24SEC332T','Transducers','SEC',3,3,25,NULL,1,NULL,NULL,21,1),(399,'C24VAC101T','Environmental Studies-I','VAC',1,2,15,NULL,1,NULL,NULL,98,1),(400,'C24VAC102T','Yoga and Meditation','VAC',1,2,15,NULL,1,NULL,NULL,98,1),(401,'C24VAC103T','Constitutional Values and Fundamental Duties','VAC',1,2,15,NULL,1,NULL,NULL,98,1),(402,'C24VAC104T','Understanding India Through Literature','VAC',1,2,15,NULL,1,NULL,NULL,98,1),(403,'C24VAC105T','Biodiversity and Wildlife Management','VAC',1,2,15,NULL,1,NULL,NULL,98,1),(404,'C24VAC106T','Indian Social Reform','VAC',1,2,15,NULL,1,NULL,NULL,98,1),(405,'C24VAC107T','Media Ethics','VAC',1,2,15,NULL,1,NULL,NULL,98,1),(406,'C24VAC108T','History of Freedom Movement','VAC',1,2,15,NULL,1,NULL,NULL,98,1),(407,'C24VAC109T','Digital Empowerment','VAC',1,2,15,NULL,1,NULL,NULL,98,1),(408,'C24VAC110T','Basics of Indian Astronomy','VAC',1,2,15,NULL,1,NULL,NULL,98,1),(409,'C24VAC111T','Chemistry in Everyday Life','VAC',1,2,15,NULL,1,NULL,NULL,98,1),(410,'C24VAC112T','Business Etiquettes','VAC',1,2,15,NULL,1,NULL,NULL,98,1),(411,'C24VAC113T','Environmental Biotechnology','VAC',1,2,15,NULL,1,NULL,NULL,98,1),(412,'C24VAC114T','Contributions of Indian Mathematicians','VAC',1,2,15,NULL,1,NULL,NULL,98,1),(413,'C24VAC115T','Indian Polity and Economy','VAC',1,2,15,NULL,1,NULL,NULL,98,1),(414,'C24VAC116T','','VAC',1,2,15,NULL,1,NULL,NULL,98,1),(415,'C24VAC117T','Childrens Literature','VAC',1,2,15,NULL,1,NULL,NULL,98,1),(416,'C24VAC118T','Basics of Medicinal Plants','VAC',1,2,15,NULL,1,NULL,NULL,98,1),(417,'C24VAC119T','Electronic Components and Measuring Instruments','VAC',1,2,15,NULL,1,NULL,NULL,98,1),(418,'C24VAC120T','Prarambhik Sanskrit Bhasha Gyanam','VAC',1,2,15,NULL,1,NULL,NULL,98,1),(419,'C24VAC121T','Psychology of Happiness and Well-being','VAC',1,2,15,NULL,1,NULL,NULL,98,1),(420,'C24VAC122T','E-Commerce','VAC',1,2,15,NULL,1,NULL,NULL,98,1),(421,'C24VAC123T','Human Values and Ethics','VAC',1,2,15,NULL,1,NULL,NULL,98,1),(422,'C24VAC124T','Marriage and Family Dynamics','VAC',1,2,15,NULL,1,NULL,NULL,98,1),(423,'C24VAC125T','Hindi Sahitya aur Manav Mulya','VAC',1,2,15,NULL,1,NULL,NULL,98,1),(424,'C24VAC221T','Psychology of Everyday Life','VAC',2,2,15,NULL,1,NULL,NULL,98,1),(425,'C24VAC301T','Environmental Studies-II','VAC',3,2,15,NULL,1,NULL,NULL,98,1),(426,'C24VAC302T','Indian Biodiversity','VAC',3,2,15,NULL,1,NULL,NULL,98,1),(427,'C24VAC303T','Communication Ethics','VAC',3,2,15,NULL,1,NULL,NULL,98,1),(428,'C24VAC304T','Physics in Everyday Life','VAC',3,2,15,NULL,1,NULL,NULL,98,1),(429,'C24VAC305T','Sustainable Development Goals','VAC',3,2,15,NULL,1,NULL,NULL,98,1),(430,'C24VAC306T','Introduction to Indian Scientists','VAC',3,2,15,NULL,1,NULL,NULL,98,1),(431,'C24VAC307T','Ecology and Environment','VAC',3,2,15,NULL,1,NULL,NULL,98,1),(432,'C24VAC308T','NCC Activities and Training','VAC',3,2,15,NULL,1,NULL,NULL,98,1),(433,'C24VAC309T','Plants in Everyday Life','VAC',3,2,15,NULL,1,NULL,NULL,98,1),(434,'C24VAC310T','NSS Activities and Training Programme','VAC',3,2,15,NULL,1,NULL,NULL,98,1),(435,'C24VAC311T','YRC Activities and First Aid Training','VAC',3,2,15,NULL,1,NULL,NULL,98,1),(436,'C24VAC312T','Sports and Nutrition','VAC',3,2,15,NULL,1,NULL,NULL,98,1),(437,'C24VAC313T','Internet Ethics','VAC',3,2,15,NULL,1,NULL,NULL,98,1),(438,'C24VAC314T','Green Practices in Business','VAC',3,2,15,NULL,1,NULL,NULL,98,1),(439,'C24VAC315T','Ethics of Computer Science','VAC',3,2,15,NULL,1,NULL,NULL,98,1),(440,'C24VAC316T','Agricultural Biotechnology','VAC',3,2,15,NULL,1,NULL,NULL,98,1),(441,'C24VAC317T','Creative Writing','VAC',3,2,15,NULL,1,NULL,NULL,98,1),(442,'C24VAC318T','Cultural Geography of India','VAC',3,2,15,NULL,1,NULL,NULL,98,1),(443,'C24VAC319T','Indian Agriculture','VAC',3,2,15,NULL,1,NULL,NULL,98,1),(444,'C24VAC320T','Electronics Communication','VAC',3,2,15,NULL,1,NULL,NULL,98,1),(445,'C24VAC321T','Ethical Studies of Indian Tribes','VAC',3,2,15,NULL,1,NULL,NULL,98,1),(446,'C24VAC322T','Bhartiya Gyan Parampara evam Paddhati','VAC',3,2,15,NULL,1,NULL,NULL,98,1),(447,'C24VAC323T','','VAC',3,2,15,NULL,1,NULL,NULL,98,1),(448,'C24VAC324T','Chemicals in Food: Additives Agrochemicals and Vitamins','VAC',3,2,15,NULL,1,NULL,NULL,98,1),(449,'C24VAC325T','Hindi Sahitya aur Sanskriti','VAC',3,2,15,NULL,1,NULL,NULL,98,1),(450,'C24VAC401T','Mathematical Modelling of Physical Systems','VAC',4,2,15,NULL,1,NULL,NULL,98,1),(451,'C24VAC402T','Artificial Intelligence','VAC',4,2,15,NULL,1,NULL,NULL,98,1),(452,'C24VAC403T','Environmental Ethics','VAC',4,2,15,NULL,1,NULL,NULL,98,1),(453,'C24VAC404T','Science and Society','VAC',4,2,15,NULL,1,NULL,NULL,98,1),(454,'C24VAC405T','Yoga: Philosophy and Practice','VAC',4,2,15,NULL,1,NULL,NULL,98,1),(455,'C24VAC406T','Financial Literacy','VAC',4,2,15,NULL,1,NULL,NULL,98,1),(456,'C24VAC407T','Polymers and their Applications','VAC',4,2,15,NULL,1,NULL,NULL,98,1),(457,'C24VAC408T','Journey of Indian Space Satellite','VAC',4,2,15,NULL,1,NULL,NULL,98,1),(458,'C24VAC409T','Literature and Ethics','VAC',4,2,15,NULL,1,NULL,NULL,98,1),(459,'C24VAC410T','Health and Wellness','VAC',4,2,15,NULL,1,NULL,NULL,98,1),(460,'C24VAC411T','Environmental Toxicology','VAC',4,2,15,NULL,1,NULL,NULL,98,1),(461,'C24VAC412T','Haryanvi Loksahitya','VAC',4,2,15,NULL,1,NULL,NULL,98,1);
/*!40000 ALTER TABLE `subjects_backup` ENABLE KEYS */;
UNLOCK TABLES;

--
-- Table structure for table `teachers`
--

DROP TABLE IF EXISTS `teachers`;
/*!40101 SET @saved_cs_client     = @@character_set_client */;
/*!50503 SET character_set_client = utf8mb4 */;
CREATE TABLE `teachers` (
  `teacher_id` int NOT NULL AUTO_INCREMENT,
  `name` varchar(100) NOT NULL,
  `email` varchar(100) NOT NULL,
  `phone` varchar(15) DEFAULT NULL,
  `department` varchar(50) DEFAULT NULL,
  `password` varchar(255) DEFAULT NULL,
  `created_at` timestamp NULL DEFAULT CURRENT_TIMESTAMP,
  PRIMARY KEY (`teacher_id`),
  UNIQUE KEY `email` (`email`)
) ENGINE=InnoDB AUTO_INCREMENT=3 DEFAULT CHARSET=utf8mb4 COLLATE=utf8mb4_0900_ai_ci;
/*!40101 SET character_set_client = @saved_cs_client */;

--
-- Dumping data for table `teachers`
--

LOCK TABLES `teachers` WRITE;
/*!40000 ALTER TABLE `teachers` DISABLE KEYS */;
INSERT INTO `teachers` VALUES (1,'Dr. Sharma','sharma@college.com','9876543211','Computer Science','$2b$10$e0X4a7Zs2Qau81S5jpbN5OrwCS5IXzxwvtVxhhuzwEpXnXM0f0FbC','2026-03-17 15:48:01'),(2,'Dr Taya','taya@college.com','9898987656','Computer','$2a$12$u8mHhK28mRo.zQX8RKw0auk6ETL2BPyJ3MYDDhD7hk208abXPVohS','2026-03-24 05:23:17');
/*!40000 ALTER TABLE `teachers` ENABLE KEYS */;
UNLOCK TABLES;
SET @@SESSION.SQL_LOG_BIN = @MYSQLDUMP_TEMP_LOG_BIN;
/*!40103 SET TIME_ZONE=@OLD_TIME_ZONE */;

/*!40101 SET SQL_MODE=@OLD_SQL_MODE */;
/*!40014 SET FOREIGN_KEY_CHECKS=@OLD_FOREIGN_KEY_CHECKS */;
/*!40014 SET UNIQUE_CHECKS=@OLD_UNIQUE_CHECKS */;
/*!40101 SET CHARACTER_SET_CLIENT=@OLD_CHARACTER_SET_CLIENT */;
/*!40101 SET CHARACTER_SET_RESULTS=@OLD_CHARACTER_SET_RESULTS */;
/*!40101 SET COLLATION_CONNECTION=@OLD_COLLATION_CONNECTION */;
/*!40111 SET SQL_NOTES=@OLD_SQL_NOTES */;

-- Dump completed on 2026-03-24 11:00:07
